age,annual_income,employment_years,loan_amount,loan_duration_months,loan_purpose,num_credit_lines,credit_history,debt_to_income_ratio,default
41,61330,4,28152,12,education,1,good,0.373,0
25,77380,3,14821,36,home_improvement,1,good,0.01,0
47,61833,9,17540,24,car,2,good,0.193,1
49,110970,8,11839,24,medical,1,good,0.117,0
18,90744,0,1663,24,education,1,poor,0.089,1
22,47311,12,13883,60,home_improvement,1,good,0.07,1
39,47049,6,17677,24,education,7,good,0.138,1
34,66742,1,20409,24,car,2,good,0.131,1
37,34049,12,13415,36,personal,2,good,0.057,1
27,84157,10,1000,12,car,3,fair,0.01,0
48,64040,0,2666,60,personal,5,good,0.021,0
47,61411,15,31416,12,car,2,good,0.539,0
38,72173,10,6259,36,personal,1,poor,0.127,1
51,98070,6,26416,36,personal,5,fair,0.086,1
43,59273,14,7527,48,medical,3,good,0.01,0
27,52173,7,13540,36,education,4,good,0.08,1
42,92717,6,20001,48,education,6,fair,0.04,0
26,79188,3,8438,36,car,1,fair,0.011,1
48,46975,9,27737,36,education,2,poor,0.214,1
37,55129,9,15605,48,home_improvement,1,good,0.01,0
35,59884,7,18686,36,education,1,fair,0.111,1
29,64045,3,12859,36,education,3,good,0.1,1
52,21085,7,20269,24,car,3,good,0.552,1
36,16437,6,27630,24,car,2,fair,0.856,1
32,32815,0,13949,36,education,2,fair,0.194,1
33,30881,0,28837,12,medical,1,good,0.912,1
44,38904,9,10107,36,car,6,good,0.071,0
42,70867,0,21112,12,car,4,fair,0.365,1
42,50776,8,18912,36,car,6,good,0.056,0
43,59909,4,6451,48,car,4,good,0.01,0
63,24392,13,16710,36,medical,1,good,0.285,0
33,43458,4,15058,36,education,3,good,0.105,0
31,69681,10,8174,12,car,4,fair,0.103,0
28,69873,5,17864,12,car,3,good,0.242,0
45,36885,7,16170,36,car,5,good,0.152,0
51,59041,10,14419,48,personal,3,fair,0.115,1
36,109971,4,14451,48,car,2,good,0.079,1
27,54560,11,14279,36,home_improvement,2,fair,0.088,1
28,37670,2,12058,48,education,4,good,0.135,1
45,50655,8,16118,48,personal,1,fair,0.097,1
46,57304,11,9848,48,education,1,fair,0.086,1
44,51220,10,36254,48,education,4,fair,0.126,1
30,54216,16,3725,12,personal,3,good,0.156,1
40,18913,3,10322,12,education,2,fair,0.557,1
39,30934,0,10954,36,education,4,fair,0.01,1
40,51266,2,31323,36,home_improvement,5,good,0.287,1
48,50868,10,4438,48,personal,5,good,0.022,0
40,40845,9,18407,24,personal,2,good,0.206,0
46,50574,7,16987,24,car,2,good,0.138,0
38,56525,1,17668,48,personal,0,good,0.1,1
41,77235,10,24890,24,car,1,poor,0.117,1
45,52519,0,24726,48,home_improvement,3,poor,0.089,1
20,64977,12,11392,24,personal,4,good,0.06,0
34,41459,21,16552,36,car,2,poor,0.118,1
32,69302,8,1000,36,medical,5,fair,0.01,0
30,64393,9,15792,24,car,1,good,0.165,0
34,76645,4,8648,12,car,2,poor,0.126,1
55,72836,0,13508,24,education,7,fair,0.112,1
27,69718,3,1517,24,personal,4,fair,0.041,1
49,52539,1,18238,24,personal,5,good,0.169,1
18,61123,0,1427,48,education,2,good,0.01,1
33,81587,15,16186,12,car,2,poor,0.289,1
39,38698,8,5187,36,personal,1,good,0.091,1
45,39289,8,8202,12,personal,6,good,0.289,0
46,59535,5,24237,60,home_improvement,3,good,0.133,0
47,65381,6,19703,48,personal,0,good,0.052,0
33,34397,11,24193,60,education,5,good,0.023,1
32,53130,6,27477,60,car,3,poor,0.042,1
48,52650,9,8817,24,education,5,good,0.116,0
35,12000,6,26991,36,personal,3,poor,0.745,1
22,49510,5,3275,24,personal,3,fair,0.012,1
24,51067,0,20968,48,car,1,good,0.01,1
26,50992,0,11053,36,education,3,good,0.072,0
43,90397,5,7557,36,personal,2,good,0.01,1
39,24605,7,19915,60,car,1,poor,0.126,1
46,34384,0,22559,48,car,0,fair,0.207,1
32,12000,6,22322,60,personal,7,good,0.321,1
39,42977,7,16718,12,education,2,poor,0.342,1
45,45108,0,16055,24,personal,3,fair,0.187,1
34,42250,2,19214,24,car,1,good,0.271,1
43,82691,9,17430,36,personal,5,fair,0.05,1
30,76515,8,19330,36,car,2,fair,0.158,1
33,56946,1,16631,24,car,2,fair,0.082,1
33,45734,7,21742,48,car,2,good,0.046,1
23,80654,12,1982,24,car,4,good,0.01,0
43,54506,10,13949,36,medical,2,good,0.01,0
32,34543,6,3929,48,car,4,good,0.045,1
38,12093,4,17213,36,home_improvement,2,good,0.426,1
43,43967,3,28135,36,personal,3,fair,0.143,1
43,73866,9,11207,24,car,1,good,0.095,0
45,111913,7,16018,24,personal,2,good,0.113,0
36,56540,10,21051,48,car,3,fair,0.146,1
32,35866,7,1000,36,education,5,good,0.053,1
37,25375,11,10823,12,home_improvement,1,good,0.381,0
18,68798,7,17916,60,education,4,fair,0.066,1
20,12000,10,1000,36,education,1,poor,0.053,1
22,68758,11,7185,48,personal,5,good,0.01,1
26,75442,2,23806,36,personal,1,poor,0.113,1
42,65906,0,23023,60,home_improvement,2,poor,0.01,1
27,49508,14,17994,24,personal,4,fair,0.15,1
33,69123,8,22057,24,personal,4,poor,0.178,1
53,59273,0,16720,48,medical,4,good,0.146,1
33,35546,3,19443,48,medical,4,good,0.194,1
46,101260,10,12474,36,education,4,fair,0.074,0
26,46208,5,15926,24,car,1,good,0.176,1
35,74393,4,9941,24,home_improvement,6,good,0.063,0
26,12000,14,25107,48,personal,7,good,0.451,1
33,86911,1,27172,48,car,1,good,0.036,0
48,91719,3,26039,24,car,6,good,0.102,0
18,55745,8,11735,12,medical,2,good,0.239,1
43,68969,8,7369,36,medical,5,poor,0.083,0
40,68962,9,25215,48,education,6,good,0.128,1
30,38930,11,19351,36,personal,4,fair,0.225,1
20,68678,7,17628,36,car,1,good,0.089,0
38,34784,9,9930,60,personal,1,good,0.01,1
31,39781,5,18405,24,home_improvement,5,poor,0.229,1
40,83173,7,6317,36,personal,3,good,0.01,0
38,79366,7,20072,36,personal,2,good,0.117,0
57,37340,8,26031,36,education,2,fair,0.214,1
35,36660,10,28048,48,car,3,good,0.186,1
25,38860,9,20668,36,home_improvement,4,good,0.212,1
40,73315,7,3943,36,personal,3,poor,0.01,1
40,30000,2,16578,24,home_improvement,1,good,0.324,1
54,63917,7,32117,48,personal,4,fair,0.058,1
48,73671,6,8051,24,personal,2,good,0.07,0
42,52793,7,14526,12,car,2,good,0.271,1
55,80251,18,26308,36,personal,3,good,0.151,0
23,47392,4,19937,36,education,1,fair,0.072,1
30,49653,9,34841,60,personal,3,good,0.064,1
26,30568,12,9137,48,personal,4,poor,0.112,1
33,80429,7,7081,48,education,6,fair,0.01,1
21,35836,18,24793,24,personal,5,fair,0.341,1
45,63744,5,5432,36,education,2,good,0.01,0
35,53217,8,13425,60,education,4,fair,0.096,1
20,28680,3,14474,36,personal,3,fair,0.183,1
25,39772,5,23287,48,home_improvement,2,good,0.158,1
41,89571,8,19914,36,personal,0,poor,0.016,1
48,60041,11,18656,24,car,2,good,0.18,1
61,29771,8,11780,36,personal,5,poor,0.082,1
72,62633,13,24720,24,home_improvement,5,poor,0.164,1
42,51347,6,47206,12,education,3,good,0.851,1
26,141351,5,20530,24,car,3,good,0.065,1
18,62128,20,15797,24,medical,3,good,0.18,1
41,45484,8,4617,36,car,3,good,0.045,0
28,90500,3,9900,48,home_improvement,4,fair,0.01,0
33,12000,3,13290,36,education,5,good,0.375,1
30,57358,2,10723,48,medical,1,fair,0.052,1
36,104860,11,14871,36,medical,2,poor,0.051,1
50,52095,5,29224,12,medical,3,poor,0.57,1
39,12000,7,24977,24,personal,1,good,0.95,1
36,45102,6,13729,60,home_improvement,1,poor,0.066,1
25,91362,10,5333,36,home_improvement,2,good,0.01,0
18,64401,2,25698,60,education,4,good,0.109,1
32,34028,1,14607,24,personal,5,good,0.159,0
37,37868,8,1187,48,medical,1,fair,0.067,0
59,41007,10,20699,48,personal,3,good,0.01,0
39,64029,8,23205,60,car,4,good,0.156,0
49,88454,2,1000,12,car,2,good,0.01,0
32,81310,10,8403,60,personal,6,poor,0.01,1
23,66400,3,14116,36,education,2,fair,0.086,1
26,21708,4,20876,48,personal,4,fair,0.271,1
29,21801,2,10874,36,education,1,fair,0.152,1
63,68331,13,8342,36,home_improvement,4,good,0.085,0
28,21363,10,20817,36,car,2,good,0.285,0
48,49360,10,11253,48,education,1,good,0.037,0
27,62603,13,19336,24,personal,1,good,0.139,0
49,26560,21,6107,36,home_improvement,2,poor,0.05,1
42,29393,0,4181,36,medical,5,good,0.01,0
36,52646,3,21042,48,personal,2,fair,0.099,1
37,67591,3,17020,36,education,1,fair,0.078,1
30,81537,2,22379,36,car,4,poor,0.145,1
43,70176,1,10739,36,car,2,good,0.01,0
32,56841,5,8639,36,education,2,poor,0.019,1
23,36345,0,25885,36,car,3,fair,0.298,1
22,28227,8,2816,48,education,4,good,0.04,1
40,42228,7,25011,48,personal,2,fair,0.176,1
56,65248,9,25564,36,car,0,good,0.153,1
39,63415,9,21880,24,home_improvement,4,fair,0.195,1
36,12000,10,9497,36,personal,2,fair,0.355,1
41,35358,5,8467,12,education,5,fair,0.244,1
53,85112,17,13319,24,personal,5,poor,0.028,1
40,56980,8,4639,48,home_improvement,2,fair,0.052,1
33,19574,0,7306,36,education,3,good,0.096,0
51,113895,1,20157,36,car,4,good,0.053,0
43,54276,0,20194,60,personal,4,poor,0.093,1
56,64608,7,6603,24,car,2,fair,0.01,1
40,64988,6,20408,12,medical,5,poor,0.289,1
23,45810,4,18634,24,car,4,good,0.227,1
21,36810,17,27079,24,car,3,good,0.34,1
57,108041,9,19553,48,education,1,poor,0.094,1
58,80080,10,23468,48,car,5,fair,0.024,0
35,75548,2,18816,36,car,3,good,0.034,0
33,69407,2,22839,24,car,5,good,0.26,1
55,29917,7,4703,36,personal,2,poor,0.01,1
24,86938,7,14026,12,education,2,fair,0.16,1
27,33921,0,14688,36,home_improvement,3,good,0.237,1
45,62082,6,13050,36,medical,4,good,0.069,1
33,14015,7,18551,12,home_improvement,6,good,0.95,1
37,12000,5,20075,48,car,1,good,0.451,0
36,62957,2,18138,48,personal,1,good,0.072,0
42,34772,4,13584,24,education,2,good,0.189,1
54,12000,6,9114,36,medical,1,fair,0.147,1
39,68515,7,23777,36,education,3,good,0.1,1
45,108002,10,17797,24,car,2,fair,0.094,0
18,89739,12,6851,24,education,3,good,0.05,0
37,48567,5,13450,36,home_improvement,3,good,0.216,0
27,55221,4,1053,60,medical,3,good,0.018,1
23,77192,9,15282,36,home_improvement,5,good,0.097,1
27,83053,10,13412,36,car,5,fair,0.112,1
33,46411,4,10404,36,personal,5,poor,0.102,1
48,55854,10,27676,36,car,1,fair,0.161,0
22,62515,11,5750,12,car,3,fair,0.088,1
38,68846,13,20651,36,medical,3,poor,0.082,1
32,51673,15,32493,60,car,1,fair,0.148,1
34,51997,2,23618,48,car,2,fair,0.105,1
50,89495,7,14747,60,car,1,fair,0.064,0
44,85238,7,5927,24,education,1,good,0.01,0
54,66935,6,4103,36,car,1,good,0.028,0
36,97977,3,11707,36,personal,3,fair,0.117,0
29,45338,0,9503,24,home_improvement,3,fair,0.094,1
35,95574,7,9243,24,car,6,good,0.141,0
40,68562,3,12389,48,car,2,poor,0.053,1
40,136775,7,14182,36,personal,2,good,0.032,0
24,25187,3,18881,36,education,0,fair,0.256,1
39,37766,1,5097,24,education,3,poor,0.052,1
40,65469,8,9542,36,home_improvement,4,good,0.01,0
68,64930,7,13722,12,personal,2,poor,0.255,1
60,103753,9,13436,24,medical,3,fair,0.174,0
27,38290,17,29691,36,education,1,fair,0.282,1
34,77622,8,16857,24,personal,6,poor,0.136,1
20,84061,9,2091,60,personal,4,fair,0.01,1
30,72616,1,18345,36,personal,3,good,0.142,1
41,30975,0,19365,12,home_improvement,5,fair,0.623,1
52,90193,14,13998,12,personal,3,good,0.169,0
29,85733,2,5292,48,car,2,good,0.01,0
30,69989,1,29064,24,education,5,good,0.181,1
18,60108,6,6440,24,home_improvement,1,good,0.072,1
36,60652,6,20286,36,education,1,fair,0.157,1
25,53031,2,16600,24,home_improvement,2,poor,0.203,1
31,71019,5,19806,36,personal,4,poor,0.014,1
27,55778,13,28654,36,home_improvement,4,good,0.097,1
36,33786,2,19493,24,personal,2,fair,0.318,1
18,28785,0,10530,48,personal,4,fair,0.054,1
20,36199,11,23847,36,medical,2,good,0.264,1
63,60553,9,9951,36,personal,3,fair,0.01,1
22,54326,3,16308,12,personal,3,good,0.295,0
24,60383,0,4655,36,education,3,poor,0.024,1
60,67520,3,6733,24,car,6,good,0.074,0
72,39316,6,15411,36,personal,2,fair,0.079,0
23,91641,12,17944,24,education,0,poor,0.01,1
33,48307,1,1380,60,home_improvement,2,fair,0.014,0
42,44164,6,18978,24,home_improvement,2,good,0.241,1
58,67059,10,8444,60,personal,2,good,0.076,0
26,12000,0,25237,60,education,4,poor,0.403,1
35,35236,12,12184,36,home_improvement,2,good,0.154,1
47,79526,1,6011,24,personal,4,good,0.062,0
43,12000,8,15606,36,personal,2,poor,0.5,1
33,82939,8,7670,60,personal,1,fair,0.016,1
36,92778,12,25151,36,car,2,fair,0.01,1
21,45763,9,15004,36,personal,3,good,0.106,0
35,62295,0,13786,12,education,3,good,0.226,1
34,82977,3,19734,48,medical,2,fair,0.085,0
40,43330,7,6960,12,personal,3,good,0.084,0
31,76694,6,4686,12,education,5,good,0.045,0
43,38221,9,18266,24,personal,3,good,0.282,0
50,43059,10,6202,36,personal,6,fair,0.043,0
39,35016,10,6199,48,home_improvement,2,good,0.029,0
42,63566,5,21694,48,car,3,poor,0.181,1
38,83949,0,19200,24,medical,5,good,0.061,0
38,50397,4,4969,36,car,2,good,0.095,0
29,23218,9,10046,48,personal,1,poor,0.159,1
41,27932,1,7770,36,car,2,poor,0.081,1
36,64864,10,29210,24,personal,5,fair,0.224,1
63,101102,11,22248,36,home_improvement,1,poor,0.072,1
56,64843,7,11633,36,education,3,good,0.069,0
42,45327,0,19609,60,car,2,good,0.057,1
28,74154,0,4150,36,car,3,good,0.01,0
24,49012,16,9618,12,education,2,good,0.178,0
52,45542,4,15838,48,home_improvement,4,fair,0.071,1
41,31038,0,18617,24,personal,5,fair,0.284,1
43,90211,13,14220,48,personal,4,good,0.01,0
18,12000,7,16984,36,personal,9,good,0.477,1
49,74946,12,15626,24,car,2,poor,0.078,1
43,43406,8,13691,36,car,2,fair,0.012,1
24,44741,9,12630,24,personal,7,good,0.124,0
32,97307,8,11589,24,car,2,good,0.041,0
41,37146,10,16855,36,car,3,good,0.215,0
38,37998,18,18286,48,personal,2,good,0.093,0
34,51740,11,16586,48,medical,3,good,0.114,0
36,65346,0,5571,36,education,1,good,0.098,0
34,43953,9,7008,12,car,6,good,0.128,0
39,15653,12,18191,36,car,3,good,0.385,1
55,33357,13,26773,36,car,3,good,0.354,0
18,87033,4,16219,24,home_improvement,2,good,0.105,1
35,56869,12,11706,48,education,1,good,0.07,0
40,66277,11,16794,60,car,1,poor,0.03,1
41,48464,19,5905,12,medical,5,fair,0.156,1
33,38512,3,25471,48,home_improvement,6,good,0.163,1
18,96939,4,16492,36,home_improvement,1,good,0.01,0
41,50295,5,9644,24,personal,1,fair,0.078,0
58,43915,4,13665,36,personal,0,good,0.045,0
19,82403,2,10783,24,education,3,fair,0.071,1
48,36940,0,25493,12,car,4,poor,0.644,1
34,40131,4,13382,60,education,1,good,0.091,1
37,55256,8,16242,36,home_improvement,7,good,0.1,0
25,55006,4,19589,24,personal,2,good,0.116,1
33,61490,16,9073,36,personal,4,fair,0.025,0
53,107291,7,16549,60,car,5,good,0.062,0
44,63406,13,17195,36,personal,2,fair,0.148,0
58,12000,8,2567,60,education,2,good,0.01,0
52,63157,11,17021,48,education,3,fair,0.013,1
43,55946,8,14633,24,car,3,fair,0.228,1
58,56086,13,16039,36,education,2,good,0.095,0
43,61148,7,15285,36,car,2,poor,0.088,1
47,54283,9,17073,48,education,3,fair,0.042,1
34,53684,8,25698,36,personal,5,good,0.17,1
38,70326,5,5563,12,education,3,poor,0.165,1
29,41447,9,12262,24,education,6,fair,0.161,1
49,31307,18,20332,36,personal,2,good,0.27,1
23,130594,5,18847,48,education,2,fair,0.038,1
47,37103,9,18675,48,home_improvement,3,fair,0.075,1
35,57503,13,37028,36,personal,3,fair,0.18,1
52,17608,12,19913,12,education,4,poor,0.95,1
47,57911,7,24047,12,medical,3,good,0.426,0
59,31669,0,12543,48,home_improvement,1,good,0.16,1
46,43938,9,7056,36,car,4,good,0.062,0
19,81126,0,12485,48,education,2,fair,0.023,1
37,66800,14,20695,24,medical,3,good,0.115,0
23,69210,7,18254,36,education,2,good,0.106,0
31,12000,11,18226,60,personal,5,good,0.242,1
56,100922,2,13285,24,personal,1,fair,0.01,0
45,25202,0,12009,12,home_improvement,3,good,0.522,0
29,93214,8,13561,36,car,5,good,0.035,0
25,80538,6,20795,36,personal,3,good,0.071,0
38,69433,4,21725,60,car,3,good,0.054,0
23,33625,7,6950,60,home_improvement,2,good,0.078,0
29,58789,20,21098,48,car,3,good,0.098,0
41,43226,11,9794,12,home_improvement,4,fair,0.189,1
51,55725,12,18751,36,education,3,good,0.077,1
45,48753,11,13464,48,medical,5,good,0.059,0
18,12000,14,27526,36,home_improvement,1,fair,0.78,1
41,83044,6,11655,60,personal,2,good,0.026,0
38,52972,0,16428,36,education,2,good,0.097,1
42,42879,6,19852,24,personal,3,good,0.234,0
57,40991,11,8008,36,medical,4,good,0.063,0
18,63961,2,14417,36,personal,2,good,0.036,1
30,32656,6,12867,12,education,3,poor,0.449,1
45,12000,3,10889,24,home_improvement,2,good,0.43,1
19,65178,14,11482,48,personal,1,fair,0.051,1
55,67977,10,23896,24,home_improvement,5,poor,0.073,1
42,50009,10,10211,24,personal,1,good,0.091,1
48,26302,10,19531,36,car,2,fair,0.193,1
31,57223,6,17516,48,car,3,good,0.028,0
47,18386,7,3824,36,car,3,fair,0.19,0
50,29319,1,19153,60,education,7,poor,0.143,1
40,36232,0,3691,60,medical,3,good,0.082,1
40,76098,7,20024,36,car,6,poor,0.13,1
41,45934,8,10942,24,education,3,good,0.168,0
27,43803,13,15066,48,home_improvement,3,fair,0.076,1
36,103867,14,4645,24,home_improvement,2,good,0.103,0
36,63811,14,15979,48,personal,2,good,0.105,0
42,63474,2,22415,36,medical,1,good,0.12,1
49,45757,5,8544,36,personal,5,poor,0.075,1
25,40090,9,10142,36,education,3,fair,0.077,1
36,12000,19,18636,36,education,1,poor,0.52,1
55,79218,14,18836,60,home_improvement,5,good,0.045,0
29,66207,12,1000,24,personal,5,good,0.027,0
28,50520,5,31123,60,personal,4,good,0.21,1
40,51569,2,19228,12,home_improvement,0,good,0.313,0
48,73403,10,20575,48,personal,2,good,0.127,0
38,16132,1,13851,60,car,2,poor,0.153,1
53,40252,5,1000,36,education,1,poor,0.072,1
48,26592,6,20397,12,education,3,good,0.75,1
48,99287,14,10478,48,personal,3,good,0.047,0
44,76891,5,19351,48,car,2,fair,0.055,1
65,12000,0,13249,24,medical,3,fair,0.466,1
35,17155,9,16904,36,car,5,fair,0.415,1
18,51691,3,8800,48,personal,6,good,0.01,1
57,43188,7,21915,24,personal,4,good,0.258,0
32,21890,6,5492,36,car,1,good,0.031,1
39,103619,5,32964,36,medical,1,poor,0.039,1
53,62813,10,32903,24,car,0,fair,0.252,1
18,66870,0,28061,48,personal,2,poor,0.075,1
22,37699,4,25203,24,car,3,good,0.276,1
18,73056,10,14323,60,personal,0,good,0.037,0
28,45489,3,24332,36,personal,2,good,0.104,1
43,47916,0,14230,36,medical,2,poor,0.105,1
44,70275,10,2571,36,education,2,good,0.01,0
41,14275,12,27025,36,personal,2,fair,0.507,1
21,94925,6,24030,48,car,2,good,0.037,1
18,59559,0,14749,36,personal,1,good,0.106,1
38,87023,10,5198,48,personal,2,good,0.01,0
32,28114,0,10310,36,education,4,good,0.148,1
43,31920,8,1000,24,car,3,fair,0.037,1
46,25952,2,22560,12,education,6,poor,0.818,1
39,61257,1,2173,48,home_improvement,1,fair,0.01,0
47,56649,4,17294,36,personal,7,good,0.143,1
40,43389,6,8250,36,medical,5,fair,0.02,0
44,29648,3,3586,36,car,5,good,0.03,0
29,23335,9,16906,36,personal,4,fair,0.299,1
35,53787,4,12329,36,home_improvement,4,fair,0.034,1
40,43360,11,21705,36,personal,3,good,0.19,0
47,37859,8,4859,60,education,4,good,0.01,0
33,93677,3,8941,24,education,3,good,0.04,0
44,52941,2,1000,36,personal,4,good,0.029,1
34,86751,0,1000,12,home_improvement,3,poor,0.01,1
36,41668,8,29385,48,personal,2,fair,0.15,1
47,61119,5,31668,36,home_improvement,4,good,0.194,0
18,53613,0,15741,36,personal,4,good,0.109,1
22,12559,4,8409,48,personal,2,fair,0.141,1
20,90708,2,12612,36,car,2,good,0.01,1
18,51621,14,21988,24,home_improvement,2,good,0.244,1
29,73660,0,10884,36,personal,2,fair,0.033,1
46,36199,0,16901,12,home_improvement,0,good,0.494,1
34,50878,12,14897,48,personal,3,good,0.092,0
40,33328,13,10449,48,car,7,good,0.056,0
51,85899,3,10790,48,car,5,good,0.085,0
53,62785,3,17346,48,personal,4,poor,0.039,1
37,64176,10,7184,48,medical,1,fair,0.088,0
54,88954,0,18613,36,car,6,poor,0.136,1
39,83908,0,11227,24,education,2,poor,0.119,1
27,74133,5,16018,36,education,3,good,0.063,1
30,19456,14,26071,60,car,3,good,0.395,1
20,37608,4,13654,60,education,3,fair,0.08,1
27,29902,7,22358,48,home_improvement,3,good,0.199,1
33,73188,12,1000,24,education,5,poor,0.01,1
47,59266,17,11237,24,car,1,good,0.038,0
58,20237,4,15221,48,education,4,good,0.253,1
21,50281,6,30386,24,education,4,fair,0.274,1
42,17647,16,1000,36,car,1,poor,0.065,1
25,53671,0,14230,36,education,3,fair,0.146,1
43,13615,12,26653,24,car,3,fair,0.95,1
36,68220,1,8719,36,home_improvement,7,good,0.01,1
18,64449,7,13297,60,medical,3,fair,0.024,1
49,102698,5,17653,48,medical,4,fair,0.01,1
30,76196,2,16476,36,home_improvement,1,good,0.066,1
31,44427,2,27526,36,education,4,fair,0.247,1
25,75451,8,18587,60,education,1,good,0.037,0
30,20058,11,25622,36,personal,4,good,0.396,1
43,30938,6,12119,36,car,5,poor,0.116,1
35,63328,7,9075,36,personal,4,good,0.109,0
41,12000,9,13194,24,personal,6,fair,0.547,0
42,54070,2,5727,12,medical,6,good,0.199,0
53,29493,10,18868,48,home_improvement,2,poor,0.131,1
33,57532,11,11912,36,car,2,good,0.08,0
20,28056,20,9625,24,personal,8,good,0.15,1
50,65606,5,18989,24,education,2,poor,0.248,1
34,55483,4,5850,60,car,6,fair,0.03,0
51,90009,10,21164,36,home_improvement,4,good,0.185,0
42,55168,11,11173,36,medical,0,good,0.047,1
36,35783,4,24272,12,car,3,good,0.755,1
42,48827,4,11858,60,personal,8,poor,0.054,1
61,21394,9,20055,48,personal,2,fair,0.276,0
62,65153,2,16436,36,personal,2,poor,0.023,1
38,69746,4,20951,24,car,3,poor,0.168,1
39,116729,7,15879,36,personal,2,good,0.01,0
50,39454,11,1692,48,personal,4,fair,0.024,0
27,48305,3,23070,48,personal,0,fair,0.043,1
41,40606,0,14298,60,personal,10,fair,0.066,1
37,60302,0,21316,36,education,2,fair,0.173,0
41,64542,0,20521,24,personal,4,good,0.186,1
27,53665,0,8813,36,home_improvement,5,poor,0.01,1
18,82158,6,7681,48,personal,3,fair,0.01,1
18,39575,1,20242,24,personal,5,poor,0.281,1
24,79654,3,12574,24,personal,8,good,0.158,1
32,68462,3,22491,48,education,0,good,0.034,1
34,54699,4,13574,36,personal,5,fair,0.188,1
61,47126,13,23187,48,car,2,fair,0.123,0
51,115666,10,18386,24,personal,1,good,0.01,0
26,34574,7,17303,24,medical,3,good,0.172,1
42,62448,4,12007,24,personal,8,fair,0.135,1
33,36244,4,16859,36,car,2,poor,0.162,1
34,99640,8,24542,48,home_improvement,3,good,0.136,0
40,77170,9,14566,36,personal,1,good,0.01,0
45,38041,2,19249,36,personal,3,good,0.175,0
33,67814,7,15370,24,home_improvement,1,good,0.114,0
50,61442,0,15996,48,personal,4,good,0.058,0
24,42084,8,28787,60,personal,0,good,0.118,1
38,73954,10,24613,48,car,4,fair,0.065,1
69,64732,5,15635,24,personal,1,good,0.129,0
40,60392,16,16715,36,medical,5,good,0.107,0
55,53952,2,9385,24,education,5,poor,0.1,1
39,65776,8,13616,12,education,1,good,0.267,0
44,60734,6,17475,24,personal,1,fair,0.084,1
37,56477,6,21804,24,education,3,good,0.102,1
35,38974,6,20993,24,education,4,fair,0.32,1
28,97344,7,6125,48,personal,7,fair,0.01,1
43,28739,11,22815,24,home_improvement,5,good,0.378,1
27,65690,13,14289,48,education,4,fair,0.024,0
45,46993,6,7104,60,home_improvement,4,fair,0.01,1
51,98988,11,25691,36,personal,2,good,0.014,1
42,32412,3,26706,36,personal,7,fair,0.246,1
34,36618,10,17109,48,education,3,good,0.149,0
43,30754,3,20670,12,home_improvement,5,good,0.672,1
34,63086,12,21139,36,car,3,poor,0.137,1
49,20673,18,26166,36,personal,3,good,0.397,1
18,43036,6,20824,48,home_improvement,5,good,0.166,0
33,12000,0,4378,48,personal,4,good,0.066,0
18,61010,4,31078,48,car,6,poor,0.022,1
20,42494,13,23525,36,education,7,good,0.2,1
54,17798,9,10923,36,personal,2,good,0.243,1
48,82140,8,6762,48,personal,3,fair,0.01,1
29,22308,12,19038,48,personal,2,fair,0.273,1
19,74923,9,12773,36,medical,3,good,0.014,0
18,37473,13,17639,60,car,4,poor,0.128,1
31,95039,11,20947,48,education,1,good,0.142,1
67,73738,14,10468,36,medical,4,fair,0.049,1
43,29798,8,6071,12,education,2,fair,0.192,1
31,32072,11,18086,24,car,4,good,0.277,1
43,70138,5,10732,48,car,1,poor,0.12,1
19,48440,3,16168,24,car,3,fair,0.187,1
34,50766,15,4253,36,education,2,good,0.135,0
39,86805,8,12982,36,medical,4,good,0.064,0
36,36282,11,20719,48,home_improvement,2,good,0.11,0
47,57282,7,19847,48,car,5,poor,0.057,1
42,78865,4,8693,48,car,2,good,0.031,0
46,75227,7,5653,36,home_improvement,9,poor,0.01,1
29,51009,14,15126,24,personal,3,good,0.125,1
48,47777,9,19488,36,home_improvement,3,poor,0.113,1
57,12000,0,18241,24,personal,2,fair,0.772,1
26,28593,5,10902,36,education,1,good,0.224,1
27,62958,15,17382,60,home_improvement,5,good,0.058,1
54,51552,5,27018,36,car,2,fair,0.079,1
35,56873,0,16641,36,personal,3,good,0.052,1
54,80981,16,1934,36,home_improvement,4,good,0.021,0
32,25316,10,16625,48,car,3,fair,0.169,1
55,49095,6,31351,36,car,4,poor,0.294,1
39,59717,5,4700,36,car,7,fair,0.074,1
41,37396,12,15237,24,car,3,poor,0.25,1
56,90786,4,13189,36,education,2,fair,0.038,0
33,77714,12,15767,24,personal,1,fair,0.156,1
26,62253,9,16554,36,car,0,good,0.044,1
32,99855,8,24119,48,home_improvement,1,fair,0.109,1
43,17527,7,15678,12,personal,4,fair,0.88,1
19,54806,6,25218,36,car,3,fair,0.081,1
45,64158,12,14058,24,education,1,poor,0.139,1
31,32136,2,12198,24,home_improvement,3,good,0.26,1
51,62517,0,9646,12,education,2,fair,0.134,0
18,27335,10,1000,24,home_improvement,4,good,0.096,1
28,72263,10,17206,60,personal,2,good,0.01,1
18,81445,9,31432,60,car,8,good,0.017,1
28,61808,9,18665,48,medical,2,poor,0.068,1
40,12000,5,20493,36,home_improvement,2,good,0.551,1
35,30830,10,11695,48,education,5,fair,0.061,0
34,69117,6,13045,48,car,1,fair,0.054,0
36,55529,4,22877,36,car,3,poor,0.111,1
40,12000,5,31069,12,personal,1,fair,0.95,1
25,86070,17,26903,48,home_improvement,4,good,0.092,1
46,58416,0,21441,60,home_improvement,2,good,0.04,1
45,34523,9,15281,24,car,2,fair,0.216,1
42,79873,0,16677,36,personal,6,good,0.037,0
44,38061,6,8971,36,car,2,good,0.018,0
41,37788,4,3414,36,personal,2,good,0.068,0
62,63958,0,5985,48,education,4,good,0.109,0
36,99525,8,15398,36,education,4,poor,0.105,1
34,95589,5,12664,60,personal,1,poor,0.043,0
28,63992,0,3244,48,education,1,fair,0.01,1
25,66559,11,14701,12,medical,5,good,0.207,1
23,74787,14,12452,48,personal,3,poor,0.094,1
27,23575,14,5617,48,car,3,fair,0.01,1
37,71103,8,12038,36,car,2,poor,0.038,1
42,36648,7,12432,36,personal,6,good,0.15,0
38,62961,13,10066,48,car,3,good,0.01,1
28,49313,15,22413,36,education,3,fair,0.173,1
48,67530,12,1000,24,personal,5,poor,0.026,1
46,57952,2,1000,24,personal,3,good,0.01,0
36,12000,8,15026,24,home_improvement,0,good,0.63,1
30,59472,9,15769,36,car,1,fair,0.058,1
44,71053,0,18233,24,education,4,poor,0.149,1
40,66148,9,10688,36,education,5,fair,0.087,0
20,52435,18,7656,36,home_improvement,3,poor,0.069,1
37,96054,10,14941,48,education,3,fair,0.043,0
41,62784,14,11467,36,home_improvement,4,poor,0.075,1
27,65941,7,27408,60,education,2,good,0.024,1
40,81112,6,12406,60,car,6,good,0.029,1
20,64064,8,14574,24,car,8,fair,0.074,1
54,32549,2,34803,36,car,0,fair,0.408,1
52,12000,2,13441,24,car,2,good,0.594,1
34,43071,13,19449,48,personal,2,good,0.147,0
42,74023,13,20170,36,car,5,fair,0.177,1
18,46172,2,20851,24,car,1,fair,0.209,1
24,75029,11,17315,24,personal,4,good,0.088,0
34,58718,6,16550,36,personal,7,poor,0.076,1
25,87201,8,15802,48,home_improvement,2,good,0.01,1
46,47619,9,10392,48,education,1,good,0.01,0
61,66690,11,17604,12,home_improvement,1,good,0.295,0
23,67647,7,31229,24,car,4,good,0.161,1
27,92540,14,24685,36,home_improvement,2,good,0.035,0
40,12334,8,17431,36,home_improvement,7,fair,0.466,1
57,43539,10,21846,24,personal,4,fair,0.23,1
23,76212,2,8046,24,medical,2,good,0.097,0
40,93647,17,12915,48,personal,1,poor,0.038,1
59,61001,9,22582,36,education,1,poor,0.083,1
18,47682,10,26897,48,home_improvement,5,good,0.19,1
22,73927,0,8833,36,car,6,good,0.076,1
32,76717,2,11131,36,education,3,good,0.01,1
31,46008,13,32451,36,car,5,fair,0.248,1
47,63257,8,15770,24,personal,7,good,0.089,0
40,84513,0,29586,24,personal,2,fair,0.138,1
18,102261,12,16654,60,personal,1,fair,0.126,0
44,73565,4,16969,48,personal,3,fair,0.064,1
31,56103,14,12556,48,education,5,good,0.045,0
53,53648,6,22540,24,car,4,good,0.214,1
30,68934,8,25862,12,car,0,good,0.419,0
30,52108,12,6719,24,education,5,fair,0.029,1
44,59741,2,12180,60,personal,6,fair,0.014,0
47,28553,2,22320,48,personal,6,fair,0.228,1
43,87426,6,13963,36,home_improvement,2,fair,0.01,0
18,26495,11,11052,60,medical,2,good,0.133,0
44,44197,0,23076,24,car,3,good,0.181,1
25,57439,0,23827,36,personal,2,good,0.126,1
40,104774,11,11402,24,home_improvement,1,good,0.01,0
20,44432,3,16698,24,home_improvement,2,good,0.135,1
43,38349,5,5332,60,car,2,good,0.093,0
28,41229,0,7836,48,personal,2,fair,0.1,1
22,96472,3,15993,24,personal,3,good,0.14,1
46,12000,6,15251,24,education,6,good,0.563,0
40,29931,11,7264,36,medical,4,good,0.028,1
30,123282,3,9272,12,education,4,good,0.092,0
55,69772,15,6479,36,car,6,good,0.067,0
32,27350,3,18640,36,education,1,good,0.187,1
38,53952,3,1000,24,home_improvement,3,good,0.01,1
41,56686,14,6907,24,car,3,poor,0.01,1
30,76153,8,1000,24,home_improvement,1,good,0.089,0
43,100987,4,18352,60,car,2,good,0.013,0
31,64713,6,1000,36,car,3,good,0.01,0
33,41505,13,15253,36,education,3,good,0.127,1
54,74677,14,28116,24,car,3,fair,0.244,0
25,37543,2,28387,48,medical,1,good,0.141,1
18,29166,6,1000,24,car,5,poor,0.076,1
57,12000,7,17387,12,car,7,poor,0.95,1
68,15871,2,7088,48,car,4,fair,0.17,1
33,32588,6,5454,48,car,6,good,0.01,0
18,25555,7,14092,24,car,3,good,0.27,1
34,62830,12,24826,36,education,1,good,0.213,0
34,25014,13,19797,60,car,2,fair,0.193,1
35,12000,5,9278,24,car,2,good,0.408,1
24,28902,5,20640,24,education,4,fair,0.305,1
44,43203,10,1000,36,personal,3,good,0.01,0
44,39863,4,8976,24,education,4,good,0.18,1
20,92988,9,8408,36,car,7,good,0.054,1
46,39661,6,15626,36,car,4,good,0.176,1
62,77023,2,13377,36,education,2,fair,0.062,0
40,54525,2,13868,36,home_improvement,2,fair,0.071,1
33,53942,14,13602,36,home_improvement,3,good,0.122,0
36,34115,6,15179,48,car,1,good,0.124,1
45,53530,15,19321,12,car,3,poor,0.352,1
18,35872,4,16194,24,education,1,good,0.155,1
39,59250,8,12725,36,education,4,fair,0.119,0
33,49093,18,18213,24,education,6,good,0.207,0
60,31384,1,21608,12,education,5,fair,0.658,1
35,79797,0,10551,24,home_improvement,4,fair,0.125,1
58,65671,13,14524,48,personal,0,good,0.067,0
24,43798,2,24295,24,education,1,good,0.291,1
45,58637,6,6177,48,personal,2,good,0.071,0
41,52904,4,29437,48,car,1,good,0.173,0
27,33310,8,4286,36,education,2,fair,0.058,1
40,56762,2,12237,24,car,5,good,0.098,0
52,39474,6,7398,48,car,2,good,0.146,0
34,31376,9,32503,24,home_improvement,3,fair,0.481,1
18,14430,1,10973,60,home_improvement,1,poor,0.189,1
37,46034,3,10993,48,car,2,good,0.056,1
27,69174,5,12034,12,medical,5,fair,0.197,0
33,37633,0,15764,48,car,4,good,0.166,1
37,118017,4,12372,36,home_improvement,1,fair,0.019,0
18,77142,7,13936,36,personal,2,good,0.09,1
18,87608,5,1000,36,personal,7,fair,0.017,1
43,74881,5,15457,36,car,4,good,0.037,0
31,101321,6,15142,48,personal,1,good,0.1,1
18,35324,3,23308,48,car,3,fair,0.201,1
47,12000,10,25472,24,personal,4,good,0.95,1
41,43846,14,13498,36,education,3,good,0.158,0
29,68955,4,21529,36,personal,2,good,0.063,1
22,58787,9,6187,36,personal,2,fair,0.034,1
48,61886,5,21138,36,medical,5,good,0.092,0
42,88022,8,10420,36,education,2,fair,0.077,0
66,64551,14,5522,48,medical,3,good,0.01,0
43,74972,9,13515,24,car,2,fair,0.128,1
42,31510,0,26203,24,personal,1,poor,0.446,1
35,27615,9,16448,36,education,1,good,0.18,0
47,95352,13,26971,24,education,5,fair,0.233,1
45,57522,5,9010,12,personal,2,good,0.119,0
53,39419,11,23382,12,home_improvement,5,good,0.523,0
31,39465,3,9782,36,education,3,fair,0.125,1
32,38771,0,16802,60,education,3,poor,0.01,1
32,37276,7,16733,36,car,1,fair,0.224,1
47,22921,0,20291,24,education,8,poor,0.448,1
55,17489,5,17005,48,personal,2,good,0.172,0
32,50124,13,9086,24,medical,5,fair,0.043,1
32,40176,0,22042,60,car,7,good,0.028,1
41,82678,0,28853,36,personal,3,poor,0.135,1
35,62326,1,10329,24,personal,4,fair,0.017,1
49,61632,6,1000,36,education,3,good,0.031,0
18,36421,5,18994,24,medical,3,fair,0.246,1
28,51974,13,12350,48,home_improvement,4,fair,0.036,0
28,64025,11,13951,24,education,5,poor,0.134,1
18,72904,9,19449,48,medical,1,fair,0.098,1
26,52652,7,11348,48,education,7,poor,0.111,1
27,81978,8,12849,48,car,5,good,0.01,0
35,55199,2,14199,48,education,2,good,0.063,1
51,74821,11,26758,24,personal,1,fair,0.147,1
35,42753,1,15240,36,personal,4,good,0.127,0
25,12000,11,5114,48,car,3,good,0.068,0
37,61708,12,5432,36,personal,6,poor,0.01,1
50,73133,8,16113,12,medical,5,poor,0.199,1
26,69383,6,5964,24,medical,3,poor,0.058,1
27,65554,9,2501,24,car,4,good,0.019,0
44,46285,0,20084,48,education,1,good,0.134,1
35,34831,8,20475,36,car,4,poor,0.191,1
45,68793,6,12054,36,personal,3,good,0.029,0
37,65661,6,17349,60,car,3,good,0.062,0
46,40977,10,16504,24,personal,2,good,0.156,0
25,82735,6,19819,48,car,3,poor,0.088,1
37,32928,1,19837,12,personal,5,good,0.588,1
35,40411,6,1000,24,personal,4,good,0.023,0
23,95910,7,13076,24,personal,1,good,0.079,1
19,76714,7,19143,24,medical,3,good,0.205,0
46,46049,7,11716,36,personal,3,fair,0.104,1
33,62184,12,15289,36,car,2,fair,0.086,1
25,58869,1,21005,24,car,1,fair,0.144,1
36,12000,7,15647,12,car,3,good,0.95,0
51,32338,13,27063,36,car,3,good,0.265,1
18,53728,0,24015,12,personal,3,good,0.371,1
20,46084,7,14051,48,education,2,poor,0.066,1
26,61177,4,13415,60,education,4,good,0.053,1
55,83237,5,1000,48,education,3,good,0.01,0
41,46961,2,12387,36,education,1,good,0.082,1
47,28558,6,4173,36,car,2,poor,0.045,1
24,63121,16,16769,36,car,4,fair,0.086,1
24,46834,0,16222,60,personal,5,good,0.131,1
43,51098,1,20566,60,car,2,fair,0.015,1
38,47705,0,26173,36,personal,1,good,0.285,1
44,111045,15,14789,36,car,3,fair,0.043,1
35,12000,4,33243,48,education,2,poor,0.722,1
41,45291,6,16859,12,personal,5,fair,0.379,1
39,54907,4,4518,36,personal,2,poor,0.01,1
47,35471,2,10503,36,education,3,good,0.046,1
47,77495,5,12018,48,car,4,good,0.013,0
18,75331,19,19737,36,home_improvement,2,fair,0.137,1
18,53806,13,7422,24,medical,1,fair,0.01,1
50,48233,2,12616,24,medical,3,good,0.088,1
52,52201,10,13711,36,car,2,good,0.096,0
25,52380,2,11415,60,personal,2,good,0.067,1
18,53040,0,21491,48,education,4,good,0.123,1
39,50300,12,20130,36,education,4,poor,0.084,1
49,61311,12,24332,24,education,4,good,0.119,0
59,73830,12,12351,48,car,1,fair,0.069,1
44,24243,4,24620,48,personal,3,good,0.326,1
33,28733,6,4088,36,personal,3,fair,0.03,0
27,12000,10,3892,36,personal,3,poor,0.051,1
38,76659,8,5289,24,personal,3,fair,0.013,0
34,61258,5,15073,48,medical,5,fair,0.081,1
25,67631,0,24619,36,personal,5,good,0.11,1
62,19262,7,10182,36,education,2,good,0.247,0
59,99623,12,11186,60,medical,3,fair,0.069,0
51,39778,1,13271,36,car,1,fair,0.12,1
26,59205,10,19582,60,car,2,fair,0.01,1
48,76359,8,11178,36,education,2,fair,0.014,0
45,30325,10,10732,36,car,2,good,0.091,1
43,41341,11,4236,60,car,0,good,0.01,1
52,59479,3,10426,60,home_improvement,1,poor,0.045,1
45,126436,0,24419,60,education,0,fair,0.049,1
46,62528,4,15727,48,home_improvement,1,fair,0.01,1
45,95159,11,9081,36,medical,2,fair,0.072,0
42,85141,4,24889,24,car,7,poor,0.147,1
18,64200,3,10318,36,education,3,poor,0.071,1
39,30270,0,26359,60,education,3,good,0.211,1
31,81493,15,26228,36,education,2,poor,0.069,1
22,17547,11,15448,48,education,3,good,0.283,1
58,95021,10,3011,60,education,1,good,0.01,0
58,60000,11,33316,60,home_improvement,2,poor,0.187,1
54,12000,9,18098,60,car,2,good,0.257,0
41,46487,5,12408,36,education,4,good,0.161,0
54,71348,6,22649,36,personal,5,fair,0.061,1
38,49074,4,20618,60,education,1,poor,0.211,1
40,72875,20,25487,24,home_improvement,1,good,0.127,0
24,33749,9,9701,24,home_improvement,3,fair,0.197,1
42,22350,4,17547,60,car,3,good,0.139,0
38,53213,9,5513,36,car,4,good,0.07,0
22,55789,1,20330,36,car,2,fair,0.119,0
37,46290,14,14816,24,personal,4,fair,0.105,1
37,85682,3,17248,36,personal,3,fair,0.01,1
59,33744,9,13829,60,medical,4,fair,0.207,1
48,62829,12,12992,36,car,4,poor,0.073,1
38,56699,8,8054,36,medical,1,fair,0.01,1
40,16082,7,21323,36,personal,4,good,0.457,1
38,22024,7,26917,48,education,6,fair,0.34,1
35,55297,6,10546,60,education,2,fair,0.01,1
25,104529,4,19428,36,education,5,good,0.027,1
36,69481,4,18457,36,education,3,fair,0.088,1
29,12000,14,15064,24,education,3,fair,0.688,0
22,12000,6,2787,36,medical,1,good,0.082,1
44,73326,3,4587,24,education,2,good,0.104,0
42,52594,4,8752,36,personal,3,good,0.112,0
18,83531,12,1000,36,personal,5,good,0.01,0
36,32982,10,26264,24,education,2,poor,0.32,1
49,63755,9,17941,24,car,3,good,0.129,1
50,76154,5,14760,24,car,2,fair,0.123,1
50,43813,9,1000,24,education,4,fair,0.014,1
38,44347,3,1000,48,car,3,good,0.037,0
27,55631,5,14981,24,home_improvement,3,good,0.178,1
24,68566,11,30763,24,education,4,good,0.251,1
42,54641,11,9410,60,education,6,good,0.021,0
42,79349,2,21910,24,education,4,good,0.164,1
53,43451,2,11160,48,home_improvement,5,good,0.176,0
51,21790,7,15441,36,education,3,fair,0.162,0
36,104424,15,24717,48,medical,3,fair,0.084,1
23,39884,0,12232,36,personal,4,good,0.194,1
34,40788,8,9479,24,education,3,good,0.057,1
40,53354,0,26344,48,education,1,poor,0.173,1
35,56679,3,15364,48,car,1,good,0.125,1
31,45332,5,23729,24,personal,1,fair,0.188,1
41,54564,4,9518,48,education,4,good,0.079,0
31,54005,4,26253,36,car,3,poor,0.148,1
30,59370,7,17189,60,medical,1,good,0.055,1
41,12000,4,18478,48,car,2,good,0.369,0
33,102021,0,16053,12,personal,2,fair,0.223,1
40,51317,10,10956,48,education,4,good,0.048,1
41,69515,10,14986,60,car,5,fair,0.02,1
24,20547,11,11459,48,personal,2,good,0.117,0
32,43224,0,22676,24,education,6,good,0.245,1
55,38192,8,13375,48,car,1,good,0.034,0
24,91743,10,3027,36,personal,3,fair,0.01,1
18,40354,1,1564,24,education,1,poor,0.025,1
18,73951,7,1186,48,education,4,good,0.024,0
38,38739,6,19943,36,home_improvement,2,poor,0.232,1
38,43684,16,5787,48,car,5,fair,0.045,1
36,48861,16,17400,36,personal,5,good,0.095,0
52,87096,0,16092,24,medical,1,good,0.042,0
18,12000,19,14482,60,education,4,good,0.256,1
42,22108,2,18507,36,personal,4,good,0.273,1
56,12000,11,16266,36,home_improvement,6,fair,0.448,1
24,27812,11,1000,36,personal,3,good,0.025,0
33,34709,2,12410,24,home_improvement,3,good,0.205,1
28,14637,9,18400,36,education,6,fair,0.433,1
27,36646,6,28122,36,medical,3,good,0.247,1
34,12000,9,28491,60,medical,3,poor,0.435,1
55,29550,8,4094,60,personal,2,fair,0.01,0
60,85010,12,12202,48,home_improvement,2,good,0.078,0
33,65089,7,2471,24,car,3,good,0.01,0
60,59686,6,27159,48,education,3,good,0.046,1
38,29930,12,23102,12,education,3,poor,0.83,1
59,16597,9,17804,48,personal,0,good,0.221,1
36,26521,10,16328,36,personal,3,poor,0.207,1
39,53919,3,26045,60,personal,2,poor,0.121,1
42,76704,1,24690,36,personal,3,good,0.107,0
75,77559,4,24264,24,personal,2,fair,0.033,1
48,70765,3,18653,60,medical,2,fair,0.072,0
29,36561,10,12206,36,car,4,good,0.178,1
49,55613,11,21136,48,home_improvement,3,poor,0.134,1
33,46966,6,21528,60,home_improvement,1,good,0.01,1
32,49970,14,13474,36,education,4,poor,0.196,1
48,105928,13,12190,36,car,2,fair,0.01,1
38,12000,8,24066,36,home_improvement,5,good,0.615,1
41,49133,2,28312,48,education,1,good,0.183,1
38,85293,14,9004,60,education,2,good,0.044,0
42,18352,6,12892,24,medical,3,good,0.355,0
43,38906,7,17807,48,education,3,fair,0.086,1
18,41774,5,18892,24,car,2,good,0.293,1
45,49417,2,10821,36,home_improvement,6,poor,0.071,1
26,15101,0,30068,48,car,6,good,0.419,1
20,69882,10,18376,48,home_improvement,2,good,0.127,0
37,71657,3,19251,36,personal,3,good,0.101,0
39,67709,22,29071,36,personal,1,good,0.199,1
29,33240,1,11407,24,car,4,fair,0.2,1
47,57162,0,14292,24,personal,2,good,0.245,1
21,32513,9,4973,36,medical,4,fair,0.035,1
33,46685,14,13621,48,personal,3,fair,0.074,1
30,108836,7,3088,36,education,2,good,0.045,0
37,57392,9,20982,24,personal,4,good,0.168,0
41,25311,0,18359,48,medical,3,good,0.221,1
25,59508,3,12783,24,car,2,good,0.01,1
46,21205,1,14196,24,personal,5,fair,0.331,1
38,25024,0,21091,60,personal,2,good,0.163,1
18,28971,7,5913,12,education,2,good,0.197,1
18,43892,0,16633,36,medical,4,good,0.082,1
37,78424,0,20596,36,medical,5,good,0.133,1
35,69459,4,1000,24,car,5,poor,0.01,1
36,68074,2,20479,24,car,5,fair,0.16,1
37,27526,8,1607,24,personal,3,fair,0.027,1
40,41467,8,14059,24,car,1,good,0.195,0
49,61800,11,5692,48,education,4,good,0.095,0
24,39292,10,26449,36,personal,1,good,0.234,1
23,48040,12,5743,36,education,4,fair,0.082,0
24,66033,6,1798,36,home_improvement,3,good,0.016,0
41,46280,8,16066,60,personal,4,good,0.044,1
52,60651,9,11690,24,personal,2,fair,0.089,0
32,94818,7,2963,48,personal,3,fair,0.01,1
18,50703,5,19206,24,personal,1,good,0.218,1
18,84483,5,1000,60,personal,3,good,0.01,0
28,68984,2,6710,24,education,0,poor,0.01,1
31,18318,9,10398,12,personal,7,good,0.557,1
33,27446,6,21417,36,education,2,poor,0.184,1
38,34160,3,25363,24,home_improvement,1,good,0.362,1
34,33629,3,23822,48,medical,8,poor,0.177,1
50,52742,0,13773,36,education,1,poor,0.177,1
29,70366,11,1000,36,personal,4,good,0.072,0
27,86378,7,18126,24,personal,3,fair,0.053,1
43,62704,2,26764,48,personal,5,good,0.117,1
19,43858,11,24870,24,medical,4,good,0.294,1
42,12000,4,18703,60,medical,4,good,0.3,0
39,56764,0,5483,48,car,5,fair,0.016,1
36,55644,12,10797,36,car,2,good,0.047,1
57,59573,4,30470,48,car,3,good,0.222,1
30,107656,4,3666,36,personal,5,poor,0.01,1
62,86014,7,5817,36,medical,4,poor,0.04,1
35,74626,12,22540,24,personal,6,good,0.025,1
22,30948,7,11550,36,car,1,good,0.166,1
38,42175,1,5545,36,car,4,good,0.103,1
25,52628,9,27223,12,personal,7,good,0.465,1
28,35614,4,18688,48,car,4,poor,0.106,1
42,67511,16,11945,12,home_improvement,3,poor,0.2,1
44,63922,6,5833,36,personal,4,good,0.031,1
30,27792,0,31379,24,education,2,good,0.588,1
49,84920,8,14804,36,car,1,good,0.044,0
51,57557,16,26178,48,personal,1,good,0.207,0
55,12000,14,22149,12,personal,3,good,0.95,0
44,53716,16,10832,36,personal,2,good,0.202,0
54,62030,1,10896,36,personal,4,good,0.121,0
18,79319,11,26570,48,car,2,good,0.125,1
34,46563,3,26700,24,home_improvement,1,fair,0.235,1
27,75698,8,1000,48,education,1,fair,0.049,1
39,59678,0,19398,36,medical,2,good,0.139,1
31,22123,3,14030,36,car,5,good,0.105,1
36,19620,3,6733,36,education,2,fair,0.044,1
60,83063,11,17093,36,education,2,good,0.086,1
35,84899,11,4203,36,personal,4,poor,0.01,1
42,63072,8,11268,24,car,3,good,0.064,0
35,92392,0,8612,36,car,1,poor,0.085,1
38,81415,5,11001,36,home_improvement,3,good,0.01,1
38,72090,3,14428,36,car,2,fair,0.044,0
43,32217,11,6875,24,personal,5,good,0.074,0
51,98285,12,27585,36,medical,6,fair,0.119,0
57,68407,12,18946,36,personal,1,fair,0.01,0
41,45354,3,29356,36,medical,4,good,0.191,0
45,38293,0,13719,60,home_improvement,4,fair,0.01,0
24,61419,0,10609,36,home_improvement,1,good,0.042,0
36,13223,14,29067,36,home_improvement,2,good,0.769,0
49,72491,4,10375,12,personal,1,good,0.18,1
48,31160,3,13573,60,education,2,fair,0.051,1
40,64265,15,20760,24,home_improvement,3,poor,0.188,1
48,41959,13,5098,36,education,5,good,0.031,0
43,48389,7,20690,24,personal,3,fair,0.282,1
52,36077,5,19666,12,personal,1,poor,0.539,1
41,50969,6,25154,48,car,5,fair,0.01,1
33,102234,8,22120,24,car,3,good,0.153,0
42,89626,15,25399,24,education,1,good,0.119,0
18,63861,9,14116,24,home_improvement,6,good,0.097,1
42,54367,10,8098,60,home_improvement,8,good,0.047,0
18,76105,12,31879,48,education,3,good,0.033,1
18,83249,1,2786,60,personal,2,fair,0.01,1
43,34254,10,3587,48,car,3,fair,0.053,0
43,53064,5,19521,60,car,6,fair,0.092,1
24,12000,0,27999,36,personal,8,good,0.748,1
29,83077,0,16516,24,personal,3,good,0.149,1
54,106625,1,22994,24,car,3,fair,0.058,1
32,57002,9,1000,24,personal,1,good,0.01,0
64,12000,7,11003,48,education,0,poor,0.222,1
37,70222,7,1000,12,personal,3,good,0.029,0
42,32397,16,21243,24,personal,1,good,0.312,0
57,38416,0,2622,36,personal,1,fair,0.084,1
39,70664,6,4777,24,education,1,fair,0.049,1
25,61363,8,19112,12,education,6,good,0.315,1
36,42797,3,23494,24,car,2,fair,0.287,1
37,38759,7,13728,36,personal,2,good,0.155,0
21,58145,0,19561,24,medical,3,good,0.18,1
34,44763,14,19302,24,education,4,good,0.125,0
29,27269,3,13276,24,education,3,fair,0.298,1
49,46685,17,6242,48,car,7,fair,0.039,1
38,63489,6,19519,24,home_improvement,5,good,0.188,1
34,50547,12,19904,12,home_improvement,1,fair,0.373,1
36,19662,6,22152,60,car,4,fair,0.134,1
40,79726,6,17496,48,education,2,good,0.01,0
45,12000,4,5652,24,personal,3,good,0.188,1
26,43840,7,20522,24,education,3,good,0.26,0
25,39495,8,14988,24,car,3,good,0.255,0
51,58704,3,11138,48,personal,3,poor,0.063,1
33,69041,6,12642,24,medical,1,fair,0.039,1
20,83169,3,9477,60,home_improvement,1,good,0.01,0
43,37189,18,22110,48,personal,1,good,0.217,1
43,69664,6,3655,36,medical,3,good,0.01,0
19,59895,14,7052,12,car,4,good,0.223,1
40,12211,6,12369,48,car,2,good,0.347,1
46,102513,8,27910,48,home_improvement,1,good,0.175,1
42,19030,0,23434,48,car,4,good,0.327,1
45,65487,4,1873,12,car,1,good,0.012,0
21,64748,8,25810,48,education,8,good,0.117,1
41,61890,14,25795,48,personal,0,good,0.15,0
34,42635,8,5607,60,car,0,good,0.01,1
32,75681,13,1000,36,car,4,good,0.01,0
48,15990,10,14422,36,education,1,good,0.286,1
55,53354,15,23979,36,personal,5,good,0.111,0
59,40903,6,27730,48,personal,2,poor,0.232,1
53,38067,18,8033,60,education,4,good,0.011,0
36,65718,4,29015,36,personal,3,fair,0.152,1
42,81936,3,1000,24,car,3,good,0.055,0
47,46418,0,12055,12,education,6,good,0.324,1
39,74517,18,11662,36,home_improvement,4,good,0.063,1
39,56243,11,24218,48,personal,4,fair,0.127,1
47,32681,5,25386,12,home_improvement,4,poor,0.726,1
37,48551,13,22633,36,education,2,good,0.207,0
29,47512,10,4195,60,car,4,good,0.081,0
33,37583,16,21900,36,home_improvement,2,fair,0.101,1
45,65712,0,19072,24,education,1,good,0.233,1
38,60866,5,1630,36,education,3,good,0.01,0
42,15233,4,1000,36,education,1,fair,0.052,1
46,13711,0,23303,24,education,2,good,0.854,0
33,65617,12,13559,36,medical,3,fair,0.066,1
47,34617,5,4718,36,education,1,good,0.035,0
42,62551,10,13334,36,home_improvement,3,good,0.021,0
23,74523,18,17912,36,education,5,poor,0.106,1
55,23226,5,14337,12,home_improvement,1,good,0.603,0
31,19711,4,2584,24,medical,3,good,0.01,1
18,96860,7,30084,24,personal,6,good,0.104,1
25,63789,11,23033,12,personal,1,good,0.296,1
25,44518,4,12316,48,education,2,good,0.043,1
38,31651,3,12639,24,car,3,good,0.224,1
34,42238,12,17875,36,education,2,good,0.106,0
33,25235,8,5963,24,home_improvement,3,good,0.167,0
45,77085,0,17581,24,medical,7,fair,0.108,1
42,35581,0,4354,24,car,5,good,0.047,1
41,82338,14,14435,36,education,4,poor,0.059,1
42,44984,9,5651,36,personal,2,good,0.112,1
45,28916,3,6055,48,car,3,good,0.01,1
18,44342,6,28165,24,personal,1,poor,0.4,1
33,12000,7,15473,36,car,5,fair,0.478,1
18,51980,10,16659,48,car,2,good,0.079,1
38,50747,0,1000,24,education,3,good,0.069,0
37,75618,2,10223,12,education,1,fair,0.119,1
50,12000,8,18689,24,car,4,good,0.793,1
52,84046,6,16553,12,personal,4,good,0.17,0
40,75514,9,1000,48,personal,4,good,0.052,0
31,86301,0,16657,36,medical,3,fair,0.029,0
43,53681,8,17932,36,medical,0,fair,0.109,1
31,80347,12,25270,48,car,3,good,0.113,1
37,18218,9,9758,36,personal,6,poor,0.231,1
49,72826,7,1000,36,car,1,good,0.01,0
31,35720,6,7025,12,education,4,fair,0.234,1
47,13714,2,6223,36,car,2,good,0.102,0
46,26896,6,20893,12,personal,5,fair,0.669,0
26,55138,13,1000,24,car,2,good,0.01,0
49,34392,6,11413,24,personal,5,good,0.208,0
46,64401,2,26406,48,car,4,good,0.102,0
39,12000,4,15057,36,personal,3,poor,0.392,1
28,12000,8,22170,48,education,7,good,0.465,1
27,89309,5,1865,12,car,4,good,0.022,0
31,77595,9,2184,60,personal,2,good,0.037,0
44,28767,9,26497,12,education,1,fair,0.841,1
26,54925,11,15809,48,car,0,fair,0.067,0
43,80487,14,15826,48,home_improvement,4,good,0.055,1
23,65480,11,6054,36,medical,5,good,0.01,0
35,58705,2,15806,36,personal,3,fair,0.021,1
39,82378,2,5832,48,home_improvement,2,good,0.01,0
67,36732,6,24494,48,education,1,good,0.167,1
21,55779,4,36822,24,education,4,good,0.331,1
55,54553,1,18871,48,car,5,good,0.059,0
39,48180,4,9920,12,car,2,poor,0.176,1
42,45254,4,1000,36,personal,5,fair,0.01,1
39,56821,3,1524,36,medical,4,good,0.024,0
43,55860,5,27438,48,education,7,fair,0.185,1
36,28789,12,6766,36,car,6,good,0.01,1
55,75044,7,12033,24,car,1,poor,0.111,1
32,30590,19,20242,36,personal,2,good,0.215,1
51,49544,7,26858,24,personal,4,poor,0.297,1
30,47617,5,13403,36,education,2,poor,0.153,1
37,63952,7,11762,36,car,4,poor,0.024,1
25,12000,8,15572,48,home_improvement,2,good,0.372,1
43,77272,9,9978,24,education,2,fair,0.01,1
55,38075,17,10409,24,education,2,fair,0.143,0
37,85499,2,18295,36,home_improvement,4,good,0.059,0
35,43045,11,16482,12,personal,2,good,0.385,0
24,53778,8,32052,24,education,2,fair,0.249,1
35,102844,0,18510,36,education,1,poor,0.082,1
18,48066,10,24209,36,personal,4,fair,0.247,1
27,85971,13,6429,24,personal,3,good,0.01,0
40,55976,2,19201,36,personal,3,fair,0.124,1
53,65385,6,9216,48,personal,5,good,0.078,0
71,56748,0,18163,36,car,5,good,0.092,1
30,76196,0,20508,24,personal,1,fair,0.203,1
55,37861,12,15398,12,education,2,fair,0.385,1
40,30398,4,34258,24,personal,2,fair,0.558,1
36,39035,1,26423,36,personal,4,good,0.176,1
43,57492,8,24417,36,car,1,good,0.148,0
38,49479,4,21114,12,personal,3,fair,0.427,0
39,72756,4,29106,24,medical,2,good,0.232,0
33,87618,10,3504,24,car,1,poor,0.01,0
21,30604,1,25962,24,personal,0,poor,0.39,1
19,36651,2,7070,60,personal,2,poor,0.062,1
45,19094,7,10485,24,car,2,poor,0.344,1
34,105759,11,19491,12,education,7,good,0.216,0
30,62616,13,24865,36,home_improvement,3,good,0.225,1
38,66995,3,5771,24,car,3,fair,0.071,1
47,21494,11,10899,24,education,1,good,0.28,0
40,54970,3,15780,36,car,3,fair,0.13,1
30,67731,16,13509,24,home_improvement,0,good,0.174,0
52,48681,1,21832,12,education,3,poor,0.51,1
56,81892,13,42487,36,personal,7,good,0.119,1
43,112795,3,18354,36,education,3,fair,0.094,1
49,31323,17,9118,12,home_improvement,3,good,0.304,0
52,29447,9,4627,48,car,0,fair,0.03,0
51,33056,1,12397,24,medical,0,poor,0.099,1
45,95154,4,7478,60,home_improvement,1,good,0.01,0
45,81058,10,18740,60,personal,2,good,0.028,0
44,51611,12,18616,36,home_improvement,3,good,0.047,0
24,55913,6,11294,24,education,4,fair,0.084,1
46,34586,7,30879,48,car,5,fair,0.259,1
21,77250,10,9116,36,car,3,fair,0.01,1
28,45502,7,14044,24,home_improvement,3,good,0.158,0
53,48498,0,20113,36,education,1,good,0.085,1
48,70219,2,22136,36,car,4,poor,0.12,1
55,50300,8,25220,48,personal,6,fair,0.151,1
34,49125,13,18427,48,car,5,good,0.023,1
24,55264,15,23407,48,medical,3,good,0.068,0
35,74883,10,9679,48,education,5,good,0.01,0
39,96162,8,22344,36,personal,4,fair,0.103,1
38,69637,10,22237,36,home_improvement,3,fair,0.115,1
51,75082,3,27103,60,home_improvement,3,fair,0.07,1
33,50003,6,1652,60,car,2,fair,0.01,0
42,37305,2,7742,48,personal,3,poor,0.068,1
26,71349,0,21585,48,education,2,good,0.093,1
43,59281,8,1000,36,personal,2,good,0.01,0
38,19434,7,18936,24,car,2,good,0.455,1
29,46798,10,23478,48,education,3,poor,0.122,1
35,52927,9,10388,12,medical,3,fair,0.187,1
35,42238,8,11558,24,car,4,good,0.24,1
34,92043,9,6406,36,home_improvement,5,fair,0.01,1
59,66995,6,10827,36,medical,7,good,0.068,0
36,89329,9,11059,36,personal,3,good,0.065,1
35,61585,3,9537,24,personal,3,fair,0.147,1
18,57034,8,9098,24,education,4,poor,0.039,1
27,31585,10,12831,24,home_improvement,5,good,0.27,1
34,55298,3,12735,24,car,4,good,0.108,1
29,55326,7,29993,12,education,4,poor,0.667,1
54,20822,3,11846,36,education,5,fair,0.208,0
36,41511,4,17753,24,education,2,fair,0.152,1
53,46917,1,10384,36,education,2,good,0.064,0
38,65336,13,10283,24,personal,1,good,0.146,1
38,66533,12,1365,36,personal,4,good,0.011,0
36,40467,9,2429,48,personal,5,good,0.012,0
38,66721,16,5344,24,medical,3,fair,0.076,1
58,50448,6,16469,24,medical,4,fair,0.146,0
18,12000,22,23609,36,home_improvement,9,fair,0.645,0
18,42882,5,1000,12,personal,6,good,0.01,1
31,81974,8,10607,48,education,2,good,0.119,0
38,12954,5,4064,60,personal,4,fair,0.01,1
46,57817,8,12885,36,car,5,good,0.083,0
43,94631,11,23606,60,personal,3,good,0.074,0
33,35984,6,11424,36,home_improvement,3,good,0.105,1
50,55053,15,14619,36,personal,1,good,0.026,1
50,22399,8,26641,24,education,3,good,0.545,0
40,95680,8,18663,12,medical,3,good,0.221,1
49,52916,2,8919,24,education,1,poor,0.045,1
41,56165,9,16271,36,personal,4,good,0.01,0
31,88857,6,8379,36,medical,4,fair,0.051,1
46,71536,3,18363,24,education,6,fair,0.085,1
39,33109,3,19122,36,car,1,good,0.224,1
38,38818,20,4062,24,education,2,good,0.042,0
55,67373,5,16401,24,home_improvement,0,good,0.109,0
18,39396,0,14059,24,car,3,good,0.181,1
20,12000,3,19357,36,car,3,good,0.481,1
23,53668,6,21650,36,car,2,poor,0.093,1
33,17994,9,18819,48,personal,1,good,0.248,1
34,95407,9,12574,12,home_improvement,5,good,0.075,0
19,59419,10,22466,36,personal,0,poor,0.162,1
26,32370,3,8015,60,car,3,fair,0.034,1
27,37534,8,4435,12,car,5,fair,0.046,1
67,12000,2,1000,36,personal,4,good,0.01,0
59,27513,3,14438,12,car,1,poor,0.53,1
33,80408,2,8427,24,education,1,fair,0.03,1
33,110794,1,18182,36,car,7,fair,0.075,0
24,73159,12,1000,24,personal,2,fair,0.036,1
18,52698,10,9822,36,home_improvement,5,good,0.182,0
36,44201,11,18762,60,medical,3,poor,0.142,1
26,31087,7,6761,24,car,6,poor,0.027,1
36,106494,10,18274,24,car,6,fair,0.068,1
18,50281,0,10543,48,personal,3,good,0.039,1
28,107890,11,14737,36,personal,6,fair,0.074,0
39,89837,7,19761,48,car,1,good,0.01,0
42,12000,10,22622,24,medical,4,fair,0.916,1
43,38351,8,15739,36,education,2,good,0.075,1
22,38273,2,8487,60,car,5,fair,0.014,1
48,53003,0,11335,24,medical,1,poor,0.079,1
28,53492,3,20095,48,car,2,good,0.078,1
45,129905,9,6829,36,personal,4,fair,0.01,0
37,28069,10,13575,48,car,2,poor,0.17,1
21,60724,0,11912,24,personal,4,good,0.122,1
34,70412,2,14173,36,home_improvement,1,good,0.01,0
42,54960,3,6925,24,car,4,good,0.064,1
45,57754,5,1000,60,education,2,fair,0.01,0
36,28879,0,19165,12,car,4,good,0.731,1
56,57662,0,22713,12,medical,5,good,0.475,1
50,67784,2,1000,48,education,0,good,0.01,0
34,63190,7,17951,24,car,2,good,0.099,1
47,69255,1,23665,36,personal,5,good,0.081,1
61,90315,6,19767,24,medical,5,fair,0.087,1
61,78424,12,11666,36,car,2,good,0.044,0
23,56782,0,7452,24,personal,2,fair,0.134,1
26,25706,5,15647,36,home_improvement,4,fair,0.251,1
55,39999,12,16982,36,personal,0,poor,0.19,0
25,49509,4,15766,24,car,3,good,0.168,1
22,61308,4,13558,24,car,4,fair,0.053,1
32,43041,12,6338,24,car,4,fair,0.035,1
43,31606,5,18381,48,car,3,good,0.148,0
36,25295,12,18766,24,personal,0,good,0.311,1
30,13720,9,16606,24,personal,2,good,0.62,1
29,49126,5,15887,24,personal,0,fair,0.202,1
29,18258,9,28433,36,personal,3,good,0.546,1
27,29986,8,10004,48,medical,4,poor,0.109,1
65,45152,12,25251,36,education,5,fair,0.093,1
41,21602,4,9127,48,car,2,fair,0.172,0
48,64493,7,23871,36,car,4,poor,0.045,1
32,73505,6,24866,48,education,4,fair,0.077,1
35,41264,10,12655,48,personal,3,good,0.108,1
29,44074,1,28287,24,personal,2,good,0.339,1
18,68435,12,18752,60,education,4,fair,0.01,1
21,37150,9,7981,48,car,4,good,0.01,1
18,35431,0,12006,36,home_improvement,4,poor,0.127,1
18,84912,13,24062,24,home_improvement,5,good,0.167,1
23,77104,18,22384,24,home_improvement,2,good,0.09,1
53,70038,12,6535,36,personal,2,fair,0.051,0
37,78141,14,13885,36,personal,4,fair,0.01,0
53,12000,7,16628,36,personal,1,poor,0.493,1
42,88845,0,10939,36,home_improvement,1,good,0.01,0
47,64801,0,33862,36,medical,4,good,0.178,1
27,80269,8,16869,24,medical,2,fair,0.101,1
44,64679,4,14505,24,personal,7,poor,0.17,1
46,56223,2,24526,12,home_improvement,3,good,0.448,1
31,48117,6,12078,48,car,3,fair,0.033,1
44,64178,10,23059,36,home_improvement,4,good,0.138,0
44,47206,0,1658,60,car,2,fair,0.114,0
31,76696,4,11370,48,personal,3,good,0.074,0
24,15338,14,23392,48,personal,3,poor,0.378,1
23,41460,1,27561,36,medical,4,good,0.18,1
39,106120,11,8813,48,car,2,fair,0.01,0
41,39347,4,7881,60,car,2,fair,0.074,1
28,49032,9,19539,48,car,3,good,0.055,1
38,32935,12,10015,24,car,3,good,0.152,1
44,63396,10,12851,36,medical,1,fair,0.139,0
45,36593,11,22011,24,personal,4,fair,0.308,1
56,50359,1,10647,12,personal,5,fair,0.157,1
53,76221,12,1000,36,home_improvement,2,fair,0.113,0
25,37530,2,4591,48,car,3,good,0.119,1
58,74715,8,15079,24,personal,3,poor,0.126,0
31,75555,8,1000,12,personal,6,good,0.077,0
50,81373,9,12622,48,personal,1,fair,0.025,0
38,58513,8,3863,24,personal,3,poor,0.069,1
33,136031,2,28119,12,personal,2,poor,0.186,1
18,81363,0,32321,48,personal,3,good,0.032,1
35,63121,11,6534,48,education,2,good,0.155,0
19,33101,7,17054,36,home_improvement,5,fair,0.101,1
49,52573,12,7316,36,home_improvement,3,good,0.061,1
56,90658,6,12525,24,car,2,fair,0.083,0
28,97738,0,29427,24,car,3,good,0.176,1
41,91958,11,11266,48,medical,3,good,0.026,0
29,74629,5,12711,48,home_improvement,3,good,0.039,1
30,23608,8,7459,24,car,4,fair,0.165,1
47,67179,3,24169,24,personal,3,fair,0.204,1
37,23964,15,1000,24,car,4,good,0.021,0
58,17813,2,11457,12,car,4,good,0.64,0
32,60978,5,14632,24,car,0,good,0.054,0
49,68079,7,9711,12,personal,3,fair,0.243,1
39,77584,1,21908,48,medical,0,fair,0.097,1
47,67428,8,24616,24,education,3,poor,0.193,1
32,68289,15,3703,36,education,7,poor,0.01,1
37,30383,4,31747,36,personal,5,good,0.298,1
36,52375,8,3613,48,home_improvement,2,poor,0.06,1
27,17322,0,25309,60,education,3,good,0.284,1
45,12000,6,16198,36,personal,3,fair,0.481,1
45,73516,5,10970,12,education,1,good,0.082,0
45,36171,2,11725,48,education,3,fair,0.158,1
56,76812,12,14731,12,home_improvement,4,fair,0.237,0
55,82708,5,16667,24,personal,2,good,0.097,1
33,39517,6,7638,12,home_improvement,1,poor,0.217,1
42,69757,5,13128,48,car,3,poor,0.084,1
30,38471,0,8834,12,personal,0,poor,0.163,1
38,12000,1,5279,36,personal,3,good,0.231,0
30,58082,11,8461,36,personal,7,poor,0.073,1
57,43228,0,5800,36,personal,1,fair,0.01,1
42,43997,3,11638,24,car,1,fair,0.077,0
35,104383,5,18459,48,education,1,good,0.094,1
52,16853,15,15965,48,personal,3,fair,0.247,1
18,64571,10,30794,36,medical,7,fair,0.183,1
18,30129,4,1000,36,personal,4,fair,0.012,1
47,77706,13,18754,48,education,0,poor,0.01,1
38,62460,3,15051,48,medical,6,good,0.086,0
41,64483,12,21525,36,home_improvement,0,fair,0.101,1
22,31377,0,20731,24,education,2,good,0.329,1
37,35860,12,13680,12,education,4,good,0.5,0
62,78181,4,16381,12,personal,2,good,0.253,0
47,99269,1,9047,12,personal,2,good,0.137,0
40,67007,5,19909,12,car,4,good,0.433,0
32,32564,8,1000,24,personal,3,good,0.035,0
33,63473,4,21214,48,car,1,good,0.09,0
18,115686,9,14814,48,personal,4,fair,0.01,1
41,57560,4,11103,48,medical,3,good,0.026,0
48,91546,10,13139,36,home_improvement,2,good,0.01,0
19,36491,9,13726,36,home_improvement,1,good,0.165,0
30,53947,6,25378,24,education,3,good,0.172,0
24,70489,4,40867,36,personal,3,good,0.238,1
26,64933,7,24758,24,personal,4,poor,0.188,1
38,35840,9,10477,36,education,3,fair,0.104,1
18,34762,17,20038,60,education,1,good,0.113,0
45,79707,11,20386,48,car,2,good,0.133,0
47,84788,11,7598,24,car,4,good,0.105,0
34,92803,22,4913,48,car,3,fair,0.012,0
18,100098,9,14493,24,personal,2,poor,0.027,1
26,58365,9,21461,12,car,4,good,0.414,0
52,47220,10,2105,12,car,6,good,0.01,0
18,88774,1,9232,24,education,2,fair,0.01,1
33,72826,4,19581,36,medical,3,good,0.115,0
23,30438,4,15333,36,car,4,good,0.229,1
47,29159,10,26330,12,education,2,fair,0.883,1
29,67298,6,3709,60,home_improvement,4,fair,0.031,1
42,50568,7,33817,36,personal,3,good,0.202,1
44,54339,12,2696,36,education,4,fair,0.053,1
60,81813,11,1000,36,car,3,good,0.059,0
35,73975,6,14528,36,education,3,good,0.052,0
42,88246,3,5924,36,personal,1,fair,0.01,0
20,12000,12,14689,36,medical,4,fair,0.335,1
52,61334,10,14410,48,medical,6,fair,0.105,0
28,72367,0,13433,24,personal,3,fair,0.036,1
31,16835,5,8260,36,personal,3,fair,0.182,1
37,38627,7,18461,12,personal,4,poor,0.517,1
19,33987,10,12461,48,home_improvement,2,fair,0.067,1
40,55542,11,23829,24,education,3,good,0.206,0
49,95696,8,13557,24,personal,2,fair,0.121,1
41,105564,9,7282,60,home_improvement,1,good,0.01,0
18,34642,7,1498,36,car,2,fair,0.01,1
36,68163,3,13623,24,car,0,good,0.088,0
46,68969,5,4846,24,car,2,good,0.099,0
18,64690,7,4200,36,car,4,fair,0.102,0
25,64974,6,19219,60,car,2,fair,0.054,1
48,62593,0,1000,36,personal,2,good,0.01,0
41,97189,5,26297,24,car,4,good,0.188,0
42,82561,7,16277,36,medical,2,fair,0.01,1
60,28496,5,14649,36,car,3,poor,0.184,1
43,74893,5,6721,12,medical,3,good,0.088,0
45,77309,9,21114,48,education,3,good,0.133,0
70,62874,1,14976,12,home_improvement,3,good,0.308,0
35,83285,0,9511,48,personal,3,good,0.01,0
28,59701,5,16598,48,home_improvement,1,good,0.078,1
43,60011,10,1537,12,personal,1,poor,0.01,0
43,58031,15,1917,48,personal,3,good,0.01,0
31,12000,10,6038,48,personal,1,good,0.157,0
25,52990,0,17796,36,personal,3,good,0.095,0
65,38293,5,14973,36,medical,4,good,0.14,0
41,25338,8,23391,12,medical,1,good,0.95,1
29,90850,7,7640,12,home_improvement,9,good,0.16,0
48,67605,9,19597,48,personal,4,good,0.087,1
36,54254,2,14089,24,home_improvement,5,fair,0.136,1
34,40879,7,7455,24,education,2,good,0.036,0
44,62404,9,18082,36,car,4,fair,0.176,0
22,79785,11,14471,24,car,3,poor,0.115,1
42,34325,2,9967,48,education,3,good,0.079,1
60,54879,5,15335,48,personal,1,good,0.074,0
43,76701,0,13963,48,car,1,poor,0.064,1
33,12000,3,13770,12,education,2,good,0.95,1
31,53560,4,11699,36,personal,4,good,0.118,1
33,44267,1,4560,48,car,3,fair,0.106,1
34,51654,7,15598,36,car,5,fair,0.113,1
33,42459,6,8578,36,education,4,poor,0.155,1
48,58440,0,6837,36,medical,3,good,0.092,0
18,103090,8,13074,24,home_improvement,0,good,0.06,0
48,46901,2,20872,24,education,0,good,0.139,0
33,62292,9,16484,36,education,6,good,0.092,0
42,104868,0,10750,24,education,4,good,0.129,0
24,41249,7,10429,48,car,3,good,0.024,1
53,100366,5,20086,36,personal,8,good,0.071,1
52,55133,8,1000,24,education,2,good,0.017,0
49,99547,7,21378,48,education,1,good,0.101,0
19,73755,5,1000,36,car,3,good,0.01,1
47,62677,0,3676,24,home_improvement,4,fair,0.01,1
42,53359,0,10885,60,education,2,good,0.069,0
18,39398,4,32360,48,car,4,fair,0.168,1
37,56894,6,28419,36,personal,3,good,0.075,1
42,77434,3,20651,48,personal,6,good,0.159,1
44,54672,10,17852,36,car,3,poor,0.155,1
40,47084,5,1000,36,car,4,poor,0.101,1
41,48730,2,16254,24,personal,0,good,0.21,1
55,79811,5,10606,24,personal,4,good,0.1,0
52,85629,8,8466,36,personal,3,poor,0.051,1
18,38321,8,16238,36,home_improvement,4,good,0.132,1
34,38285,16,11231,48,home_improvement,3,good,0.099,0
36,64483,3,21954,36,car,1,good,0.086,1
18,93188,6,1000,36,personal,3,good,0.01,1
39,83649,9,15600,48,personal,2,fair,0.03,0
52,23703,6,7967,60,personal,2,fair,0.132,0
24,48398,4,11722,24,car,1,good,0.059,0
42,31734,0,17437,60,personal,1,good,0.049,1
27,48312,4,6061,48,car,4,good,0.061,1
29,95110,1,16313,12,medical,5,fair,0.151,0
55,19434,0,13301,24,car,3,poor,0.366,1
31,14528,3,9715,24,home_improvement,7,good,0.384,0
43,34286,1,11235,36,personal,2,fair,0.132,1
18,62182,9,13763,36,personal,3,good,0.042,1
60,70518,10,8857,36,medical,4,fair,0.106,1
45,65936,2,15056,48,car,2,good,0.094,1
35,84392,5,12774,24,education,2,good,0.077,0
44,12000,0,10109,36,medical,1,good,0.28,1
21,84708,4,27718,48,education,3,fair,0.101,1
52,47197,8,18321,60,car,4,good,0.062,1
34,73287,11,11938,48,car,2,good,0.01,0
35,21914,3,16166,24,personal,3,poor,0.406,1
32,55123,12,6785,24,personal,2,fair,0.096,0
31,60906,0,11505,24,personal,2,good,0.01,1
46,83893,0,12439,36,home_improvement,3,good,0.075,1
41,15368,10,5025,24,education,4,fair,0.251,0
45,55768,15,18098,60,personal,6,good,0.01,0
37,27869,9,10955,36,personal,1,good,0.127,0
44,67637,6,12156,36,education,3,good,0.051,0
32,74430,0,10450,24,medical,2,good,0.153,0
64,87179,0,38672,36,personal,5,fair,0.204,1
19,41624,7,9699,36,car,3,fair,0.034,1
53,78180,5,1000,48,home_improvement,3,good,0.02,0
54,89022,1,2200,12,home_improvement,5,poor,0.14,1
27,13918,7,21074,48,medical,1,fair,0.347,1
64,70308,7,25691,24,personal,6,fair,0.182,1
49,78962,11,9545,24,personal,4,good,0.086,0
49,48531,7,25231,60,car,3,good,0.073,0
38,24730,13,20932,24,personal,6,fair,0.511,1
35,78573,7,13484,24,home_improvement,3,fair,0.062,1
35,25012,6,12916,36,personal,3,good,0.103,1
42,50541,12,16446,36,education,4,good,0.082,0
54,53996,2,22019,12,medical,0,good,0.44,1
40,72888,21,18178,12,medical,3,good,0.209,1
27,39334,8,9585,12,education,5,good,0.259,1
47,37885,8,13606,36,medical,5,good,0.148,0
49,57472,9,30850,24,personal,5,good,0.208,1
45,80159,16,17009,48,car,4,poor,0.025,1
46,112186,10,21954,48,personal,8,fair,0.066,1
34,17312,0,19319,24,medical,4,good,0.593,1
26,62883,14,17186,24,medical,2,good,0.11,0
27,27836,5,15869,24,personal,3,good,0.293,0
18,80470,7,22179,24,personal,2,good,0.124,1
40,31536,0,20749,24,car,1,fair,0.365,1
36,38133,9,17111,48,personal,4,good,0.138,0
32,40268,3,9449,24,home_improvement,7,poor,0.099,1
18,53095,7,18084,36,personal,3,good,0.137,1
23,63079,5,14463,36,home_improvement,1,poor,0.056,1
51,67092,16,12533,48,education,7,fair,0.07,0
30,54855,16,36430,24,car,5,fair,0.356,1
42,21752,7,2687,24,personal,3,poor,0.18,1
21,73194,7,22668,60,medical,2,good,0.045,1
55,53676,5,8098,24,education,4,good,0.068,0
36,84043,12,16049,36,car,4,good,0.031,1
41,37306,5,35548,36,car,2,fair,0.266,1
65,14943,4,7301,36,medical,4,poor,0.14,1
56,54149,11,9209,24,home_improvement,1,good,0.118,0
34,87398,4,14859,24,home_improvement,1,fair,0.122,0
30,59023,6,8222,36,education,3,good,0.061,0
34,50008,0,22072,36,home_improvement,4,good,0.132,1
44,33241,10,10723,48,personal,5,fair,0.056,1
36,98944,16,20232,48,education,4,good,0.01,0
33,29259,10,4366,60,car,7,good,0.01,0
55,36865,14,1000,60,education,3,fair,0.01,0
36,69250,2,13168,48,medical,4,good,0.115,0
65,12000,8,2451,12,medical,1,good,0.296,0
39,86864,2,27146,36,car,4,good,0.01,1
59,70604,5,2761,36,education,2,good,0.027,0
42,77480,10,6698,36,home_improvement,2,fair,0.042,0
49,68952,7,18308,24,medical,6,poor,0.143,1
29,50971,0,10309,36,home_improvement,1,good,0.038,0
27,28421,0,2852,24,personal,2,fair,0.101,1
43,51498,0,31319,24,car,3,fair,0.325,1
49,30619,9,6986,48,home_improvement,3,fair,0.109,0
38,67153,17,13429,36,home_improvement,3,fair,0.03,1
22,75169,13,13326,36,education,3,good,0.01,0
21,91920,0,20682,36,education,3,fair,0.097,1
20,64294,14,18698,36,car,3,good,0.049,1
18,78114,11,8385,24,car,7,good,0.106,0
39,47571,0,12393,36,home_improvement,1,good,0.01,1
51,43043,5,13184,24,personal,5,good,0.13,1
37,66841,12,20991,36,education,5,good,0.074,1
18,45338,9,5653,24,education,9,poor,0.046,1
35,61729,0,31144,60,home_improvement,0,good,0.114,1
36,28470,10,8926,48,car,4,good,0.098,1
63,32959,0,14930,36,education,3,poor,0.183,1
20,70885,5,5720,24,personal,5,good,0.078,0
33,77167,12,4614,36,personal,2,good,0.011,0
58,30358,7,8004,48,car,1,fair,0.171,1
43,71765,4,7235,36,personal,2,poor,0.103,1
44,41681,11,11685,48,medical,3,fair,0.054,0
39,55412,11,7168,48,medical,0,good,0.025,0
41,90423,13,20564,36,personal,3,good,0.059,0
47,75187,11,8736,36,home_improvement,0,fair,0.057,0
28,74896,12,7849,36,car,2,poor,0.01,1
48,102719,10,11856,36,education,4,good,0.01,0
21,37403,8,22942,36,home_improvement,3,poor,0.096,1
41,30353,7,16719,48,education,3,fair,0.118,1
40,36946,5,14202,12,personal,1,good,0.438,1
30,48637,0,3535,24,personal,0,good,0.029,0
37,12000,2,5858,24,car,2,good,0.239,1
30,49814,5,4772,60,medical,6,poor,0.033,1
25,41385,8,25454,36,education,0,good,0.155,1
33,74593,14,19244,36,car,1,fair,0.087,1
24,63810,6,8107,36,personal,2,good,0.087,1
41,39982,12,10485,36,medical,5,fair,0.103,1
24,69749,12,8397,48,car,2,good,0.079,0
46,73081,5,7913,60,education,4,poor,0.085,1
23,35786,9,18682,48,education,5,good,0.164,1
31,42674,5,12699,48,personal,3,fair,0.039,1
30,12000,13,31649,24,personal,3,fair,0.95,1
53,27733,10,25002,24,car,2,good,0.547,1
41,36438,1,25475,36,car,2,poor,0.249,1
35,56854,7,20370,36,education,1,good,0.128,1
43,31365,15,11618,24,home_improvement,4,poor,0.142,1
18,42163,6,19782,48,personal,2,good,0.113,1
37,24366,9,12209,24,car,4,fair,0.286,1
61,59277,9,28042,24,personal,5,poor,0.237,1
39,65642,1,18234,24,personal,2,poor,0.113,1
38,65059,9,17098,48,home_improvement,4,good,0.051,0
44,55309,0,16016,48,home_improvement,2,good,0.132,0
48,16473,3,28922,36,home_improvement,2,fair,0.619,1
18,39501,12,3529,48,personal,0,good,0.049,0
18,44817,8,29706,48,education,1,poor,0.188,1
40,44917,5,13510,36,car,2,good,0.041,1
29,56874,9,3750,48,medical,5,good,0.03,0
53,90638,6,8982,24,education,3,fair,0.103,0
34,75302,7,1793,36,medical,2,good,0.01,0
18,30312,10,20229,24,personal,3,good,0.383,0
22,71960,3,6693,36,car,5,good,0.058,1
18,71007,7,16349,36,home_improvement,5,poor,0.118,1
35,34848,5,24073,12,car,4,fair,0.693,1
35,76221,0,9623,36,education,1,poor,0.086,1
32,50990,2,12855,36,car,0,good,0.011,0
50,19751,14,4573,36,medical,1,good,0.079,0
52,66380,8,11893,12,personal,2,good,0.215,0
35,60424,0,35592,12,medical,0,good,0.604,1
18,49308,0,21223,36,car,2,good,0.198,1
45,54063,6,12882,48,car,2,good,0.052,0
44,37022,14,10106,48,car,4,good,0.041,0
41,70253,6,14658,24,personal,0,fair,0.022,1
49,53913,13,16040,48,medical,5,good,0.061,1
24,59161,8,11647,36,medical,1,good,0.091,1
62,63928,9,19240,60,medical,4,good,0.098,0
26,26135,0,7372,12,medical,3,good,0.212,1
46,32642,11,7332,36,education,4,fair,0.134,0
18,12000,5,17961,36,car,5,fair,0.45,1
26,69118,11,5650,24,home_improvement,1,fair,0.035,1
56,24694,2,20832,12,personal,3,good,0.815,1
34,58314,7,14885,12,home_improvement,4,good,0.276,1
48,64274,8,1000,36,car,0,fair,0.01,0
40,70058,6,15875,36,education,4,poor,0.109,1
36,24899,9,1518,48,car,1,good,0.107,0
54,53370,5,20546,24,car,3,good,0.212,0
35,96757,3,13010,48,personal,6,fair,0.01,1
18,97857,15,29808,36,car,5,poor,0.125,1
28,79683,12,23570,60,car,2,good,0.156,0
44,63437,3,6514,24,personal,2,good,0.084,0
42,29872,9,1000,48,personal,1,fair,0.056,1
19,72965,3,8959,60,education,1,fair,0.01,1
29,51049,1,5229,48,car,1,good,0.045,0
31,69013,12,29605,48,home_improvement,8,good,0.094,0
33,39178,0,14917,36,personal,2,fair,0.093,1
21,50676,11,22467,48,education,3,fair,0.11,1
30,59103,5,12719,36,personal,2,fair,0.077,1
29,61156,5,13562,36,car,5,good,0.043,0
47,67343,9,14738,60,education,3,good,0.053,0
47,40520,9,23852,24,education,5,fair,0.286,1
36,21417,2,17492,36,car,3,good,0.307,1
33,95619,10,6541,60,car,2,good,0.025,0
39,117231,7,27980,24,personal,3,good,0.138,1
28,66185,0,12657,24,car,6,good,0.145,1
24,21900,6,11355,24,car,4,fair,0.287,1
26,35670,13,1000,48,education,5,good,0.01,0
30,67727,15,20075,48,car,5,fair,0.01,1
24,88527,10,15808,24,home_improvement,2,fair,0.115,1
39,24677,1,15799,36,car,2,good,0.168,1
46,51891,9,11777,36,personal,2,poor,0.071,0
18,59898,11,10398,36,personal,4,good,0.076,0
38,76614,10,12043,36,personal,1,fair,0.119,1
35,46409,10,18705,60,car,5,good,0.173,1
42,15904,8,20112,24,home_improvement,3,poor,0.586,1
37,70529,6,13151,24,home_improvement,4,good,0.027,1
20,83119,3,22591,36,car,5,fair,0.107,1
22,52935,0,14368,36,personal,4,good,0.103,0
38,65131,8,10966,36,home_improvement,0,good,0.01,0
50,43137,7,16587,12,personal,4,good,0.384,0
18,33855,9,4124,24,car,5,good,0.091,0
42,80660,0,16861,60,home_improvement,2,good,0.01,1
52,64687,10,2662,12,car,4,good,0.01,0
36,67259,17,6778,36,personal,3,fair,0.01,0
44,92552,7,1000,48,personal,0,good,0.01,0
29,28628,6,13599,12,education,1,good,0.51,1
36,41199,8,27877,24,personal,2,poor,0.322,1
18,58948,17,14063,36,education,1,fair,0.082,1
18,40892,1,20148,36,car,1,good,0.277,1
49,74578,8,33818,24,car,1,good,0.179,1
26,50315,3,18232,36,personal,3,good,0.088,0
32,30186,4,8878,24,home_improvement,2,fair,0.181,1
21,56644,6,9979,12,car,8,poor,0.226,1
21,59258,13,15005,12,education,1,fair,0.274,0
35,78367,16,9936,24,car,3,poor,0.154,1
29,64828,9,10535,36,personal,1,fair,0.07,0
42,66528,5,22882,60,car,3,poor,0.01,1
43,63007,19,23209,12,car,1,fair,0.373,1
41,50294,4,1824,36,car,4,fair,0.01,1
40,37094,4,8454,36,home_improvement,6,fair,0.145,1
56,62220,0,11287,36,medical,2,fair,0.109,0
25,46671,13,19792,36,home_improvement,4,good,0.062,1
37,97245,11,24144,12,education,4,good,0.316,1
51,88554,19,36615,36,car,3,good,0.185,1
53,70820,0,11274,24,education,3,good,0.063,0
20,64461,14,11674,48,personal,4,poor,0.041,1
34,52801,7,19708,24,home_improvement,6,fair,0.256,1
54,23471,11,9542,48,home_improvement,1,good,0.01,0
44,49595,0,13872,36,personal,4,good,0.116,1
40,57535,14,11679,36,medical,1,good,0.122,0
35,60736,10,1000,24,home_improvement,3,fair,0.01,1
33,66738,6,15985,36,car,2,poor,0.112,1
41,78033,10,13541,48,medical,3,good,0.049,0
34,37696,3,25169,36,personal,4,good,0.183,1
37,37923,4,15043,24,personal,4,poor,0.158,1
38,91271,4,4962,24,car,1,fair,0.063,0
29,74274,0,12935,24,education,4,poor,0.055,1
44,45230,11,1000,48,car,1,good,0.01,0
72,52319,12,5312,36,medical,4,good,0.04,0
18,52432,3,20084,48,personal,1,fair,0.07,1
41,55789,8,13021,48,personal,4,good,0.01,0
28,66817,5,22380,36,education,4,fair,0.115,1
44,118374,8,1000,36,personal,5,fair,0.041,0
38,59743,3,13060,36,education,2,good,0.074,0
47,71564,2,11195,36,car,1,good,0.01,0
52,12838,12,22646,24,medical,0,fair,0.906,1
40,42877,6,20382,48,education,5,poor,0.171,1
51,85720,17,20138,60,personal,1,good,0.158,0
18,65057,7,27331,36,personal,3,fair,0.212,1
57,12000,2,12055,60,personal,2,good,0.151,1
42,71850,13,25680,60,medical,2,poor,0.114,1
50,102954,10,6646,36,education,1,fair,0.034,0
23,12000,10,6352,48,car,4,good,0.075,1
28,92984,12,21021,36,personal,5,fair,0.09,1
39,12000,3,2962,24,home_improvement,3,fair,0.219,1
37,78449,6,19582,12,personal,1,fair,0.309,1
41,54783,6,15810,36,education,3,good,0.046,1
51,12000,0,23574,48,home_improvement,1,fair,0.492,1
18,66153,5,14524,24,personal,2,fair,0.134,1
49,83770,13,15448,48,car,8,good,0.01,0
38,64097,8,19074,36,personal,3,good,0.014,1
35,69620,0,9698,36,car,1,poor,0.054,1
20,44708,0,9350,24,medical,4,fair,0.113,1
44,12000,15,18795,36,education,5,good,0.43,1
18,72296,6,14765,24,home_improvement,3,poor,0.122,1
45,98743,3,11741,24,car,5,good,0.114,0
20,83239,5,14337,12,personal,3,fair,0.161,1
38,12000,0,27756,24,education,6,good,0.95,1
36,17127,14,11455,24,car,2,good,0.363,0
52,33850,5,11223,36,personal,1,poor,0.132,1
35,15175,13,1340,36,car,3,fair,0.01,1
29,56104,7,14661,24,education,5,good,0.085,1
31,64835,14,20255,48,education,4,poor,0.058,1
53,19243,8,21689,36,personal,5,poor,0.333,1
44,74428,11,15865,60,home_improvement,4,fair,0.116,1
33,70027,10,22646,36,car,2,good,0.14,0
35,41296,10,20849,12,personal,1,good,0.449,0
19,50686,8,23903,60,personal,0,fair,0.084,1
42,12000,5,22874,48,home_improvement,2,poor,0.533,1
18,46693,16,27559,36,car,1,good,0.164,1
47,55184,2,13642,36,car,1,good,0.125,1
39,59218,7,4383,36,personal,3,good,0.094,0
66,64471,7,20309,36,education,4,good,0.166,0
24,61106,9,21244,48,home_improvement,2,fair,0.096,1
36,48391,4,27559,36,car,4,good,0.252,1
59,62154,8,25250,24,medical,6,fair,0.177,0
52,80050,6,30563,12,personal,3,fair,0.506,0
29,52612,0,19958,24,personal,1,good,0.202,0
40,62939,7,16830,24,education,1,poor,0.191,1
38,50345,1,3920,36,education,4,good,0.01,0
41,38831,0,17464,48,personal,2,good,0.137,0
29,68071,7,10579,24,education,2,good,0.105,1
36,41119,9,16692,24,car,2,good,0.157,0
18,64653,9,15436,24,education,4,good,0.071,1
39,55706,9,18773,36,education,6,poor,0.102,1
43,47401,0,14221,36,medical,4,good,0.155,1
35,46796,0,22480,36,car,4,good,0.069,1
18,42296,16,1000,60,education,4,fair,0.01,1
49,13854,1,16519,60,education,1,poor,0.304,1
42,64572,10,24619,48,car,3,good,0.034,1
29,60788,3,29960,48,personal,2,good,0.186,1
34,76241,7,20855,36,medical,2,good,0.035,1
19,41713,3,28479,36,personal,5,good,0.182,1
25,102384,9,16351,36,home_improvement,2,good,0.046,1
31,45506,7,15022,48,personal,2,fair,0.176,1
52,33122,4,19235,24,home_improvement,2,good,0.258,1
30,30157,1,14974,24,personal,3,good,0.162,1
45,12000,8,8741,12,medical,0,fair,0.658,1
31,93315,0,10878,36,education,2,good,0.085,1
40,89276,9,6102,36,personal,2,good,0.01,0
36,70018,20,19227,12,education,6,fair,0.334,1
48,32597,13,15091,36,education,3,good,0.158,0
31,100281,10,12117,36,car,7,good,0.039,0
19,46207,6,10466,48,personal,2,good,0.071,0
21,48274,0,19040,12,education,3,fair,0.354,1
31,90931,0,21243,12,education,2,fair,0.241,1
23,71472,13,5955,36,car,4,good,0.01,1
42,110027,3,4698,36,home_improvement,2,good,0.082,0
32,61218,3,22636,48,personal,1,good,0.041,0
66,45074,6,3998,36,personal,7,good,0.052,0
18,39704,1,19379,60,education,2,fair,0.046,1
40,12000,0,27935,24,personal,4,poor,0.95,1
24,48035,6,27953,36,personal,3,good,0.175,1
32,83614,2,20902,60,car,2,good,0.199,0
39,69970,3,20670,24,personal,2,fair,0.147,1
18,55507,3,33015,48,personal,3,good,0.108,1
40,30126,9,1000,12,education,5,good,0.011,0
60,60671,5,11285,36,car,9,poor,0.01,1
32,80320,6,21787,24,home_improvement,0,good,0.127,0
41,65767,9,12301,36,education,2,good,0.155,1
50,59168,6,24918,48,car,2,good,0.122,0
36,35076,5,14685,12,personal,3,fair,0.464,1
31,76679,9,16053,24,home_improvement,3,fair,0.059,1
18,12000,10,12802,24,personal,2,good,0.523,1
45,64571,6,10819,24,personal,3,fair,0.094,1
36,119258,7,10623,36,home_improvement,1,good,0.01,0
25,17290,3,17169,60,education,1,poor,0.219,1
39,48965,2,8803,24,education,3,good,0.121,0
30,54802,10,22625,36,personal,2,good,0.165,1
31,43435,9,20225,36,personal,2,fair,0.148,0
45,80909,9,23795,24,car,3,good,0.202,0
21,66811,8,5968,24,education,1,fair,0.032,1
50,58807,7,1404,48,car,3,good,0.01,0
21,74931,10,14966,36,personal,2,good,0.139,1
30,55418,11,38190,48,personal,2,good,0.117,1
61,134496,11,25129,36,education,3,good,0.01,1
51,58783,6,10564,36,education,6,good,0.017,0
39,59882,13,18396,48,personal,1,good,0.096,0
26,12238,8,20820,48,personal,7,good,0.489,1
31,41413,10,4052,60,personal,2,fair,0.01,1
38,83684,8,25957,24,personal,5,fair,0.246,1
38,21613,8,13660,60,car,2,good,0.128,0
36,12000,3,14274,48,personal,3,good,0.292,1
37,55807,10,15190,48,education,6,good,0.026,1
35,89268,21,24156,36,home_improvement,4,good,0.188,0
20,56059,5,8958,60,medical,3,good,0.024,0
31,46596,7,1344,36,medical,3,good,0.01,0
48,12000,4,17583,48,personal,8,poor,0.489,1
21,66306,4,1000,36,personal,4,fair,0.025,0
35,71531,14,12591,48,car,4,good,0.084,0
28,12000,3,24494,48,education,3,good,0.594,1
39,83363,4,19632,24,personal,4,good,0.148,0
33,74142,0,23338,24,car,7,good,0.206,0
55,83307,3,19962,36,personal,1,good,0.083,0
44,69588,0,34282,48,personal,3,good,0.16,1
22,71342,10,10294,48,education,0,good,0.034,0
46,68018,20,18185,48,education,2,good,0.066,0
28,76711,5,11495,48,car,5,fair,0.043,1
31,12000,0,22654,36,medical,3,good,0.609,1
41,17473,11,14507,24,personal,5,poor,0.44,1
32,36599,3,28750,36,personal,0,good,0.287,0
48,51754,13,10753,48,car,2,good,0.093,0
28,64703,5,26257,36,education,3,good,0.167,0
30,63117,3,19745,48,education,1,good,0.178,1
30,82927,6,14740,60,personal,3,good,0.088,1
31,83712,10,19339,36,medical,4,good,0.067,1
51,33190,5,17090,48,car,4,good,0.151,0
45,60964,4,17847,36,car,0,good,0.168,1
58,33804,6,13345,36,education,2,good,0.084,0
65,50293,0,9387,24,medical,1,fair,0.194,1
25,63044,8,12319,24,education,0,fair,0.059,1
38,12000,0,1534,24,medical,4,fair,0.109,1
23,115281,4,21735,36,personal,3,poor,0.063,1
28,69160,10,5118,24,education,3,good,0.034,0
30,40107,8,13258,36,home_improvement,0,poor,0.045,1
25,103184,9,20184,36,car,2,good,0.111,0
25,46314,6,21715,36,car,1,good,0.092,1
36,58312,12,1000,48,medical,4,fair,0.01,1
23,42822,11,14265,36,personal,5,good,0.169,1
48,96299,9,18677,12,car,3,good,0.283,0
26,52375,11,15416,60,home_improvement,4,good,0.026,0
71,58737,10,25752,48,medical,2,good,0.16,0
32,85094,4,8425,36,medical,2,good,0.073,0
38,69628,0,1000,48,home_improvement,3,fair,0.01,1
22,53641,9,21482,24,personal,1,good,0.267,1
58,82759,9,10703,48,medical,5,good,0.024,0
51,118462,12,1000,24,car,6,good,0.03,0
41,62935,2,13731,36,education,5,poor,0.01,1
21,57919,2,24844,24,car,1,poor,0.154,1
40,59265,9,4893,48,home_improvement,2,fair,0.079,0
24,87760,6,33687,24,education,3,good,0.219,1
55,40020,0,8296,24,home_improvement,1,good,0.097,1
47,48042,8,15696,24,personal,6,good,0.259,0
39,16563,0,5246,48,personal,7,fair,0.174,1
18,25403,2,15332,24,car,5,good,0.324,1
26,42054,13,13930,36,personal,1,fair,0.038,1
46,53601,16,3084,24,education,3,good,0.023,0
52,99227,0,37606,48,personal,4,poor,0.053,1
51,68399,5,11037,24,education,1,good,0.085,0
18,32198,7,11044,60,personal,4,good,0.022,1
41,36800,15,22752,24,personal,2,good,0.249,0
50,89368,4,29514,24,education,7,fair,0.052,1
18,83165,4,24011,24,car,4,poor,0.153,1
37,55703,14,5390,12,personal,3,good,0.01,1
41,43936,5,16711,36,personal,7,poor,0.111,1
34,83123,10,1000,24,personal,2,good,0.041,0
18,30166,0,22213,48,education,5,good,0.148,1
34,64800,6,1918,36,personal,5,good,0.01,0
34,111816,0,8574,24,car,0,good,0.035,1
36,60133,1,14974,36,education,2,fair,0.042,1
31,35609,11,18560,24,car,2,good,0.27,1
32,65259,6,12912,24,education,4,good,0.047,1
37,43249,5,27152,24,personal,4,good,0.309,1
43,20147,3,20785,24,medical,3,fair,0.499,1
34,72525,5,20157,24,car,2,poor,0.138,1
33,82945,8,5164,60,personal,2,fair,0.094,1
39,47227,11,28594,36,medical,5,good,0.212,1
18,45569,0,8575,60,education,1,good,0.063,1
43,30960,2,28900,24,education,4,good,0.435,1
37,51251,7,31177,48,home_improvement,4,poor,0.163,1
38,40940,6,19101,36,personal,5,good,0.142,1
49,29724,9,23256,24,home_improvement,4,poor,0.393,1
18,102304,8,1000,48,education,2,fair,0.035,0
18,66662,5,13439,12,car,3,fair,0.177,1
41,69309,4,23817,36,personal,5,fair,0.095,1
37,77084,5,22396,48,personal,3,good,0.048,0
40,74275,12,5242,36,medical,3,good,0.01,0
32,44672,3,12650,36,personal,3,good,0.103,1
45,61813,6,1000,36,personal,1,good,0.01,0
49,48274,7,18303,12,education,4,fair,0.454,1
43,65961,14,1000,60,education,5,good,0.137,0
34,63542,5,24043,24,personal,4,poor,0.161,1
18,45433,11,24461,24,home_improvement,1,poor,0.284,1
47,21767,13,11205,24,car,4,good,0.309,0
52,58655,6,19170,60,home_improvement,3,good,0.052,0
45,49893,5,13263,48,personal,1,good,0.017,0
27,12000,5,16935,36,personal,2,good,0.557,1
46,67691,5,5821,60,education,1,fair,0.052,1
48,79133,11,19979,12,personal,2,fair,0.268,1
56,118208,8,1870,48,car,1,fair,0.076,0
27,45220,8,1000,12,personal,0,good,0.061,0
35,41532,1,14024,36,home_improvement,2,fair,0.11,1
46,27264,2,13310,12,home_improvement,8,fair,0.439,1
38,60216,17,17178,60,home_improvement,3,poor,0.032,1
24,60057,6,9803,60,medical,2,fair,0.093,1
42,34717,3,30085,36,medical,2,fair,0.323,1
44,50626,14,16284,24,car,2,good,0.151,1
39,12000,8,16863,24,car,2,fair,0.791,1
40,78159,9,16577,36,home_improvement,3,good,0.063,0
34,35733,6,23023,24,medical,4,good,0.372,1
55,54133,5,19608,12,medical,4,good,0.373,0
27,19332,6,18536,36,home_improvement,4,good,0.416,1
30,40441,0,20887,36,personal,3,good,0.21,1
38,48010,6,1000,60,medical,3,good,0.01,0
48,54717,8,1000,36,medical,5,fair,0.01,1
20,66993,16,14391,24,education,0,fair,0.107,1
22,90976,7,13418,36,home_improvement,1,poor,0.013,1
18,73317,0,19638,24,education,6,fair,0.066,1
38,79054,6,15160,36,medical,6,good,0.079,1
24,91152,20,19654,48,personal,2,fair,0.027,1
33,69242,11,5035,24,home_improvement,0,fair,0.01,0
45,54082,2,14914,24,personal,4,good,0.133,1
30,80227,9,4271,48,car,4,poor,0.016,1
40,81825,3,18094,36,personal,3,poor,0.074,1
34,71214,0,1000,36,car,2,good,0.092,0
46,18634,5,17786,48,personal,2,fair,0.272,1
43,33963,7,3248,36,medical,4,good,0.137,0
29,48128,0,11931,12,education,1,poor,0.226,1
35,74490,1,22159,48,home_improvement,3,fair,0.114,1
50,54466,7,16819,60,personal,4,good,0.043,0
42,83421,4,1834,12,personal,3,fair,0.01,1
21,87880,8,9620,24,home_improvement,1,good,0.162,1
45,84979,0,2988,48,education,2,good,0.01,0
24,85138,10,1441,36,car,5,fair,0.01,1
54,29075,1,15941,36,home_improvement,1,fair,0.147,1
50,67065,15,19482,36,home_improvement,1,good,0.01,0
41,39811,0,18524,48,education,3,fair,0.069,1
39,13773,1,19821,36,medical,4,good,0.437,1
35,47813,9,14904,24,education,2,good,0.158,0
46,88118,15,12812,12,education,2,fair,0.043,0
33,66518,8,6415,36,car,5,good,0.092,0
40,105445,9,11479,60,personal,3,good,0.01,0
48,59430,7,4429,36,personal,3,poor,0.018,1
31,116195,1,8238,36,home_improvement,3,fair,0.01,1
30,59438,4,15711,60,education,6,fair,0.094,1
23,55562,0,14057,36,car,2,fair,0.102,0
25,23015,0,39517,36,education,1,poor,0.632,1
18,82764,9,4233,24,personal,3,poor,0.01,1
46,42446,1,13999,48,personal,1,good,0.059,0
59,38823,8,3610,48,medical,4,good,0.044,0
55,87030,0,11897,48,car,1,good,0.086,0
18,83955,8,12223,24,personal,6,good,0.114,1
46,83301,4,21759,36,car,4,good,0.103,1
55,45945,14,11402,24,car,1,fair,0.136,1
32,53725,8,13469,60,education,2,fair,0.048,1
39,53503,13,11557,12,medical,1,poor,0.237,1
18,74562,3,3791,36,education,1,good,0.119,0
41,93839,7,9783,48,education,3,good,0.014,1
25,64203,2,11944,24,car,1,good,0.075,0
40,104372,4,15590,36,education,4,good,0.028,0
19,77429,5,19471,12,car,3,good,0.271,0
44,49130,3,13123,36,personal,3,poor,0.01,1
50,75717,0,12982,60,home_improvement,3,good,0.028,1
28,97648,0,1233,36,car,2,fair,0.048,1
24,104957,0,19317,60,car,3,good,0.01,0
18,84672,1,9432,24,personal,4,good,0.065,1
34,55641,10,20976,36,home_improvement,2,poor,0.231,1
31,49582,0,25531,60,personal,4,poor,0.12,1
19,69401,0,13496,48,car,2,good,0.01,1
43,96849,15,6813,24,home_improvement,3,poor,0.01,0
32,65844,3,14866,36,car,8,good,0.063,1
25,66363,8,17789,48,medical,2,fair,0.027,1
31,56284,10,12475,48,personal,8,good,0.061,1
50,46802,10,10487,36,education,4,good,0.06,0
45,50946,0,19508,24,medical,4,fair,0.25,1
36,58385,5,18980,12,car,1,fair,0.271,1
45,97952,0,12229,36,education,7,fair,0.031,1
24,49007,19,1767,36,car,3,good,0.023,0
38,56315,0,18651,24,home_improvement,3,poor,0.183,1
39,33365,1,8861,24,medical,2,good,0.14,0
32,72915,1,16714,36,education,1,good,0.01,0
43,89166,0,16209,36,medical,2,good,0.065,1
28,95612,13,1000,36,education,3,good,0.01,0
44,60084,19,15648,36,education,7,good,0.13,0
44,69358,4,19116,24,car,1,fair,0.174,1
18,51161,0,20097,48,education,3,good,0.11,1
52,68200,0,15938,36,home_improvement,5,fair,0.094,1
18,62849,5,1000,24,education,0,good,0.076,1
30,56456,5,25216,36,personal,3,fair,0.206,1
50,58443,3,18288,36,car,1,good,0.118,1
34,66298,8,5373,36,home_improvement,1,good,0.134,0
20,47646,8,8697,36,medical,4,fair,0.029,1
24,48937,8,16849,36,personal,0,poor,0.055,1
50,97684,5,20438,36,personal,7,poor,0.069,1
18,122763,1,11096,24,car,3,good,0.027,0
51,24890,10,21604,24,personal,1,poor,0.311,1
37,23513,7,1000,12,medical,3,fair,0.01,1
23,31071,11,6660,36,car,1,poor,0.089,1
31,52417,10,1000,36,car,2,good,0.01,0
25,77394,0,7820,48,personal,7,good,0.01,0
48,69781,0,27064,24,car,1,good,0.196,0
46,59300,3,31462,36,medical,0,fair,0.183,1
18,68223,1,16876,24,car,5,good,0.159,0
33,37697,10,9892,36,personal,2,good,0.055,0
27,48896,8,13226,48,personal,6,fair,0.111,1
53,54497,12,18786,12,medical,4,poor,0.29,1
21,15394,8,2496,24,medical,3,fair,0.056,1
57,25967,8,10420,36,personal,5,fair,0.219,1
37,26960,12,26479,48,education,1,good,0.194,1
24,74102,9,6634,24,personal,5,poor,0.012,1
29,61133,7,9007,60,education,4,good,0.01,0
28,70276,14,15105,60,personal,3,good,0.01,1
22,12000,7,17265,48,home_improvement,2,good,0.367,1
39,17910,5,9999,24,medical,4,good,0.314,1
23,71580,2,15615,36,personal,2,fair,0.072,1
18,12000,10,19863,12,car,5,fair,0.95,1
33,85615,13,30691,48,personal,3,good,0.027,1
18,12000,6,13990,36,car,2,good,0.352,0
28,76083,13,14669,24,personal,4,good,0.019,0
27,32785,0,27219,24,personal,2,good,0.452,1
27,81222,6,10606,48,medical,2,poor,0.073,1
62,135204,6,4405,48,personal,2,fair,0.01,0
38,12000,3,17001,36,home_improvement,3,good,0.494,1
40,72384,18,23609,36,personal,4,good,0.153,1
18,12000,6,17888,48,car,1,fair,0.378,1
30,65669,4,14223,48,car,5,fair,0.124,1
40,49830,7,3412,48,medical,0,poor,0.01,1
25,58244,0,14533,36,personal,0,good,0.066,1
48,32207,3,24865,36,personal,4,good,0.234,1
23,74513,11,5127,48,education,0,good,0.05,0
34,18791,3,13042,24,education,3,fair,0.275,0
30,86040,2,11900,36,education,2,good,0.119,1
39,44768,13,9418,12,personal,1,fair,0.238,1
30,19932,13,16983,36,personal,1,good,0.372,0
34,94873,9,18546,48,home_improvement,6,fair,0.047,1
35,53316,4,18462,24,education,4,good,0.146,1
29,102690,5,7185,36,education,0,fair,0.056,1
43,85533,2,1832,12,personal,1,good,0.073,0
40,35046,2,17099,48,personal,2,fair,0.086,1
36,52875,1,10952,48,medical,1,good,0.01,0
32,58025,3,29706,36,education,6,fair,0.079,1
47,93157,1,30076,48,personal,1,fair,0.094,1
35,65937,0,30925,24,medical,3,good,0.312,1
34,59407,8,7479,48,education,3,good,0.01,0
39,50003,8,19554,48,car,3,good,0.084,0
58,53736,15,21967,24,car,6,good,0.187,1
21,87614,3,21066,60,education,1,fair,0.144,1
47,55092,8,12164,12,car,4,good,0.334,1
18,45125,8,25233,36,education,0,good,0.208,0
40,40887,5,15003,24,education,1,good,0.228,1
56,41155,10,16024,48,personal,2,good,0.141,0
43,19947,10,2697,12,medical,2,good,0.071,0
40,36240,8,20158,12,car,3,fair,0.591,1
31,92460,5,12916,36,car,7,good,0.01,1
38,49835,5,18718,60,education,4,poor,0.067,1
34,72610,0,16880,24,education,4,fair,0.173,1
28,12000,2,16447,36,car,2,good,0.461,1
34,69207,3,14634,36,education,7,poor,0.126,1
40,50966,1,21292,48,medical,2,fair,0.169,1
28,42963,9,13408,24,home_improvement,5,fair,0.068,0
28,59523,12,3358,36,home_improvement,4,good,0.01,0
21,42604,2,19551,60,personal,5,fair,0.15,1
42,12000,8,8527,24,car,3,good,0.415,1
44,78056,1,4405,36,education,7,good,0.032,0
40,61075,5,6822,48,personal,2,good,0.048,0
49,47151,3,17266,24,home_improvement,7,good,0.228,0
39,30845,10,14227,36,car,7,fair,0.197,1
42,18253,3,1000,24,personal,1,good,0.012,0
41,60597,12,11930,48,personal,4,good,0.097,0
36,95336,5,24353,60,personal,5,fair,0.034,1
31,60079,3,11389,36,car,2,good,0.075,1
64,20430,0,13676,36,education,1,good,0.233,0
